org_id	scientific_name	ncbi_taxon_id	in_proteins_dat	n_proteins	protein_ids	in_compounds_dat	n_compounds	compound_ids	n_genes	gene_ids	n_pathways_source	pathway_ids_source	in_gpml	gpml_as_geneproduct	gpml_as_protein	gpml_as_metabolite	n_gpml_geneproduct_nodes	n_gpml_protein_nodes	n_gpml_metabolite_nodes	n_gpml_pathway_files	gpml_name_form
ARA	ARA		no	0		yes	2	CPDQT-522; CPDQT-523	0		0		yes	no	no	yes	0	0	4	1	both
TAX-46611	Abies grandis	46611	yes	12	AG11-MONOMER; AG4-MONOMER; AG5-MONOMER; AG6-MONOMER; AG8-MONOMER (... 12 total)	no	0		11	AG11; AG4; AG5; AG6; AG8 (... 11 total)	28	PWY-3041; PWY-3061; PWY-5411; PWY-5412; PWY-5413 (... 28 total)	yes	yes	yes	no	114	116	0	52	resolved_name
TAX-3625	Actinidia chinensis	3625	yes	3	MONOMER-16566; MONOMER-18495; MONOMER-18497	no	0		3	G-12812; G-17972; G-17973	5	PWY-4203; PWY-6443; PWY-6763; PWY-6801; PWY-7449	yes	yes	yes	no	6	6	0	5	resolved_name
TAX-3627	Actinidia deliciosa	3627	yes	2	MONOMER-16563; MONOMER-16565	no	0		2	G-12809; G-12811	1	PWY-6801	yes	yes	yes	no	2	2	0	2	resolved_name
TAX-165200	Actinidia eriantha	165200	yes	1	MONOMER-16564	no	0		1	G-12810	1	PWY-6801	yes	yes	yes	no	1	1	0	1	resolved_name
TAX-13818	Adiantum capillus-veneris	13818	yes	2	MONOMER-14419; MONOMER-14421	no	0		2	G-11005; G-11007	5	PWY-6098; PWY-6109; PWY-6115; PWY-6663; PWY-8028	yes	yes	yes	no	6	6	0	6	resolved_name
TAX-151078	Adonis aestivalis	151078	yes	4	MONOMER-12339; MONOMER-19172; MONOMER-19173; MONOMER-19174	no	0		4	G-43892; G-43893; G-43894; G-9523	3	PWY-5288; PWY-5291; PWY-7636	yes	yes	yes	no	7	7	0	3	resolved_name
TAX-51501	Agapanthus africanus	51501	yes	1	MONOMER-17998	no	0		1	G-15988	4	PWY-7256; PWY-7259; PWY-7260; PWY-7458	yes	yes	yes	no	4	4	0	4	resolved_name
TAX-23810	Ailanthus altissima	23810	yes	1	MONOMER-12561	no	0		0		1	PWY-6927	yes	no	yes	no	0	1	0	1	resolved_name
TAX-38596	Ajuga reptans	38596	yes	2	MONOMER-12486; MONOMER-12673	no	0		2	G-9588; G-9727	4	PWY-5337; PWY-5343; PWY-6524; PWY-6525	yes	yes	yes	no	4	4	0	4	resolved_name
ORG-6225	Alangium lamarckii	16896	yes	1	MONOMER-17752	no	0		0		1	PWY-7135	yes	no	yes	no	0	1	0	1	resolved_name
TAX-40553	Allioideae	40553	yes	1	MONOMER-13838	no	0		0		1	PWY-5707	yes	no	yes	no	0	2	0	2	resolved_name
TAX-28911	Allium cepa	28911	yes	1	MONOMER-13494	no	0		1	G-10278	2	PWY-5706; PWY-7614	yes	yes	yes	no	30	49	0	21	resolved_name
TAX-4679	Allium cepa	4679	yes	15	CPLX-1924; MONOMER-13498; MONOMER-13502; MONOMER-13504; MONOMER-13505 (... 15 total)	no	0		7	G-10277; G-10279; G-10281; G-10282; G-15407 (... 7 total)	17	PWY-5321; PWY-5390; PWY-5687; PWY-5706; PWY-5707 (... 17 total)	yes	yes	yes	no	30	49	0	21	resolved_name
TAX-4682	Allium sativum	4682	yes	5	CPLX-8497; MONOMER-12736; MONOMER-12737; MONOMER-13491; MONOMER-13526	no	0		2	G-10276; G-10290	4	PWY-5409; PWY-5410; PWY-5706; PWY-7614	yes	yes	yes	no	2	10	0	6	resolved_name
TAX-105310	Allium siculum	105310	yes	2	MONOMER-16811; MONOMER-16812	no	0		0		1	PWY-6900	yes	no	yes	no	0	2	0	1	resolved_name
TAX-4683	Allium tuberosum	4683	yes	1	MONOMER-13501	no	0		1	G-10280	1	PWY-5708	yes	yes	yes	no	2	2	0	2	resolved_name
TAX-45385	Aloe arborescens	45385	yes	6	CPLX-27; MONOMER-15005; MONOMER-15013; MONOMER-15018; MONOMER-15019 (... 6 total)	no	0		5	G-11452; G-11457; G-11462; G-11463; G-16	2	PWY-12; PWY-6310	yes	yes	yes	no	7	7	0	4	resolved_name
TAX-117272	Amaranthus cruentus	117272	yes	2	MONOMER-17671; MONOMER-17672	no	0		0		9	GLUCONEO-PWY; GLYOXYLATE-BYPASS; P23-PWY; PWY-561; PWY-5690 (... 9 total)	yes	no	yes	no	0	13	0	10	resolved_name
TAX-28502	Amaranthus hypochondriacus	28502	yes	1	MONOMER-17666	no	0		0		5	PWY-241; PWY-6549; PWY-7115; PWY-7117; PWYQT-4429	yes	no	yes	no	0	5	0	5	resolved_name
TAX-48026	Ammi majus	48026	yes	5	MONOMER-12568; MONOMER-12569; MONOMER-12571; MONOMER-12572; MONOMER-12575	no	0		1	G-9652	1	PWY-5365	yes	yes	yes	no	1	5	0	1	resolved_name
TAX-212809	Anemone leveillei	212809	yes	2	MONOMER-15859; MONOMER-15860	no	0		2	G-12182; G-12183	2	PWY-6598; PWY-7619	yes	yes	yes	no	4	4	0	2	resolved_name
TAX-402998	Anisodus acutangulus	402998	yes	1	MONOMER-13616	no	0		1	G-10381	2	PWY-5317; PWY-7341	yes	yes	yes	no	2	2	0	2	resolved_name
TAX-48027	Anthriscus sylvestris	48027	yes	3	MONOMER-19144; MONOMER-19145; MONOMER-19150	no	0		2	G-43872; G-43877	2	PWY-7629; PWY-7631	yes	yes	yes	no	2	3	0	2	resolved_name
TAX-4151	Antirrhinum majus	4151	yes	4	CPLX-8012; MONOMER-12697; MONOMER-15457; MONOMER-4261	no	0		3	G-11841; G-3361; G-9743	4	PWY-1901; PWY-6444; PWY-6446; PWY-6766	yes	yes	yes	no	3	6	0	5	resolved_name
TAX-4045	Apium graveolens	4045	yes	5	MONOMER-9261; MONOMER-9301; MONOMER-9302; MONOMER-9321; MONOMER-9341	no	0		2	G-7041; G-7061	4	MANNCAT-PWY; PWY-3861; PWY-3881; PWY-5659	yes	yes	yes	no	2	8	0	4	resolved_name
TAX-223751	Aquilaria crassna	223751	yes	2	MONOMER-16036; MONOMER-16040	no	0		2	G-12339; G-12343	3	PWY-5733; PWY-6540; PWY-6669	yes	yes	yes	no	6	6	0	3	resolved_name
TAX-3451	Aquilegia vulgaris	3451	yes	1	MONOMER-11992	no	0		1	G-9293	1	PWY-5129	yes	yes	yes	no	1	1	0	1	resolved_name
ORG-5862	Arabidopsis thaliana	3702	yes	3	AT3G22200-LER-MONOMER; MONOMER-10405; MONOMER-12265	no	0		3	AT3G22200-LER; G-8085; G-9481	4	PWY-4321; PWY-5267; PWY-6473; PWY-7854	yes	yes	yes	no	3602	4117	0	1038	resolved_name
ORG-5993	Arabidopsis thaliana	3702	yes	1610	AT1G01120-MONOMER; AT1G01220-MONOMER; AT1G01280-MONOMER; AT1G01290-MONOMER; AT1G01420-MONOMER (... 1610 total)	yes	1	CPD-1142	1405	AGT1; AT1G01120; AT1G01220; AT1G01280; AT1G01290 (... 1405 total)	625	ALACAT2-PWY; ALANINE-DEG3-PWY; ALANINE-SYN2-PWY; ARG-PRO-PWY; ARGASEDEG-PWY (... 625 total)	yes	yes	yes	yes	3602	4117	1	1038	both
ORG4FS-2	Arabidopsis thaliana	3702	yes	1	MONOMER4FS-22	no	0		1	G4FS-10	2	PWY-3041; PWY-5725	yes	yes	yes	no	3602	4117	0	1038	resolved_name
TAX-3702	Arabidopsis thaliana	3702	yes	25	AT1G26810-MONOMER; AT1G49710-MONOMER; AT2G03220-MONOMER; AT2G13810-MONOMER; AT2G20370-MONOMER (... 25 total)	no	0		24	AT1G26810; AT1G49710; AT2G03220; AT2G13810; AT2G20370 (... 24 total)	12	PLPSAL-PWY; PWY-5284; PWY-5313; PWY-5936; PWY-5986 (... 12 total)	yes	yes	yes	no	3602	4117	0	1038	resolved_name
TAX-54796	Argemone mexicana	54796	yes	2	MONOMER-18679; MONOMER-18680	no	0		2	G-27152; G-27153	5	PWY-3901; PWY-5287; PWY-7138; PWY-7507; PWY-8030	yes	yes	yes	no	7	7	0	5	resolved_name
TAX-35608	Artemisia annua	35608	yes	9	MONOMER-12182; MONOMER-12183; MONOMER-12185; MONOMER-12186; MONOMER-13549 (... 9 total)	no	0		8	G-10320; G-10330; G-11364; G-15524; G-15525 (... 8 total)	14	PWY-5122; PWY-5123; PWY-5195; PWY-5425; PWY-5725 (... 14 total)	yes	yes	yes	no	25	26	0	20	resolved_name
TAX-48545	Asclepias syriaca	48545	yes	1	MONOMER-12585	no	0		1	G-9660	1	PWY-5366	yes	yes	yes	no	1	1	0	1	resolved_name
TAX-20406	Astragalus bisulcatus	20406	yes	2	MONOMER-15257; MONOMER-16911	no	0		1	G-11682	3	PWY-6931; PWY-6935; PWY-6936	yes	yes	yes	no	3	5	0	4	resolved_name
TAX-119829	Astragalus mongholicus	119829	yes	1	MONOMER-19160	no	0		1	G-43885	1	PWY-7633	yes	yes	yes	no	1	1	0	1	resolved_name
TAX-33113	Atropa belladonna	33113	yes	3	CPLX-7164; MONOMER-12446; MONOMER-16825	no	0		1	G-14655	3	PWY-5317; PWY-5318; PWY-7341	yes	yes	yes	no	2	2	0	2	resolved_name
TAX-3078	Auxenochlorella pyrenoidosa	3078	yes	1	MONOMER-16551	no	0		0		1	PWY-6794	yes	no	yes	no	0	1	0	1	resolved_name
TAX-4498	Avena sativa	4498	yes	9	MONOMER-11751; MONOMER-11869; MONOMER-11878; MONOMER-14161; MONOMER-14981 (... 9 total)	no	0		5	G-11428; G-14675; G-14678; G-14679; G-9132	11	PWY-40; PWY-43; PWY-5068; PWY-5083; PWY-5086 (... 11 total)	yes	yes	yes	no	17	21	0	15	resolved_name
TAX-38783	Avena strigosa	38783	yes	11	CPLX-8850; MONOMER-14473; MONOMER-14474; MONOMER-18567; MONOMER-18568 (... 11 total)	no	0		9	G-11048; G-11049; G-18035; G-18036; G-18042 (... 9 total)	14	PWY-5203; PWY-5672; PWY-5958; PWY-6109; PWY-6115 (... 14 total)	yes	yes	yes	no	29	37	0	16	resolved_name
TAX-171760	Barnadesia spinosa	171760	yes	1	MONOMER-15756	no	0		1	G-12100	2	PWY-5745; PWY-6540	yes	yes	yes	no	2	2	0	2	resolved_name
TAX-4436	Batis maritima	4436	yes	1	MONOMER-15439	no	0		1	G-11825	1	PWY-6730	yes	yes	yes	no	1	1	0	1	resolved_name
ORG-5876	Berberis beaniana	22774	yes	1	MONOMER-9401	no	0		0		8	PWY-3901; PWY-5287; PWY-5470; PWY-6337; PWY-7138 (... 8 total)	yes	no	yes	no	0	15	0	8	resolved_name
TAX-33814	Berberis stolonifera	33814	yes	2	MONOMER-12945; MONOMER-20684	no	0		1	G-9903	4	PWY-3581; PWY-5048; PWY-5472; PWY-5886	yes	yes	yes	no	1	6	0	6	resolved_name
TAX-3555	Beta vulgaris	3555	yes	1	MONOMER-12917	no	0		0		1	PWY-5461	yes	no	yes	no	0	1	0	1	resolved_name
TAX-216988	Betula platyphylla	216988	yes	1	MONOMER-14455	no	0		1	G-11031	2	PWY-112; PWY-6109	yes	yes	yes	no	2	2	0	2	resolved_name
TAX-51276	Bidens tripartita	51276	no	0		yes	1	CPD-14376	0		0		yes	no	no	yes	0	0	1	1	raw_id
TAX-66672	Bixa orellana	66672	yes	3	MONOMER-12416; MONOMER-12424; MONOMER-12425	no	0		3	G-9548; G-9555; G-9556	2	PWY-5305; PWY-6806	yes	yes	yes	no	4	4	0	2	resolved_name
TAX-259381	Blighia sapida	259381	yes	2	MONOMER-13775; MONOMER-13789	no	0		0		1	PWY-5826	yes	no	yes	no	0	2	0	1	resolved_name
TAX-13363	Borago officinalis	13363	yes	1	MONOMER-14126	no	0		1	G-10797	1	PWY-5998	yes	yes	yes	no	1	1	0	1	resolved_name
TAX-38881	Botryococcus braunii	38881	yes	2	MONOMER-14433; MONOMER-14640	no	0		1	G-11203	1	PWY-5670	yes	yes	yes	no	10	11	0	9	resolved_name
TAX-869302	Botryococcus braunii	869302	yes	2	MONOMER-17304; MONOMER-17305	no	0		2	G-15090; G-15091	4	PWY-5143; PWY-5885; PWY-6803; PWY-7033	yes	yes	yes	no	10	11	0	9	resolved_name
TAX-15368	Brachypodium distachyon	15368	yes	1	MONOMER4FS-44	no	0		1	G4FS-34	1	PWY-361	yes	yes	yes	no	1	1	0	1	resolved_name
TAX-3707	Brassica juncea	3707	yes	2	MONOMER-14982; MONOMER-14983	no	0		2	G-11429; G-11430	2	PWY-40; PWY-43	yes	yes	yes	no	8	8	0	4	resolved_name
TAX-3708	Brassica napus	3708	yes	15	CPLX-5402; CPLX-5403; CPLX-7647; MONOMER-10721; MONOMER-11865 (... 15 total)	no	0		5	G-10792; G-5883; G-5925; G-5961; G-8321	14	GLYCOLYSIS; PWY-1042; PWY-2821; PWY-3301; PWY-3385 (... 14 total)	yes	yes	yes	no	10	20	0	17	resolved_name
TAX-3710	Brassica nigra	3710	yes	3	CPLX-2142; MONOMER-2441; MONOMER-2442	no	0		0		1	PWY-1042	yes	no	yes	no	0	2	0	2	resolved_name
TAX-36774	Brassica oleracea	36774	yes	2	MONOMER-15249; MONOMER-15250	no	0		2	G-11674; G-11675	3	PWY-6931; PWY-6933; PWY-6935	yes	yes	yes	no	8	17	0	9	resolved_name
TAX-3712	Brassica oleracea	3712	yes	6	MONOMER-16280; MONOMER-16290; MONOMER-16292; MONOMER-16293; MONOMER-16294 (... 6 total)	no	0		2	G-12571; G-12573	3	PWY-6730; PWY-6736; PWY-6842	yes	yes	yes	no	8	17	0	9	resolved_name
TAX-3715	Brassica oleracea	3715	yes	3	CPLX-7200; MONOMER-12643; MONOMER-2307	no	0		1	G-9705	2	HISTSYN-PWY; PWY-882	yes	yes	yes	no	8	17	0	9	resolved_name
TAX-3711	Brassica rapa	3711	yes	3	CPLX-7222; MONOMER-12703; MONOMER-5101	no	0		0		5	GLYCOLYSIS; PWY-1042; PWY-2261; PWY-5484; PWY-5723	yes	no	yes	no	0	7	0	7	resolved_name
TAX-15371	Bromus inermis	15371	yes	1	MONOMER-19210	no	0		0		1	PWY-7642	yes	no	yes	no	0	1	0	1	resolved_name
TAX-39984	Bruguiera gymnorhiza	39984	yes	2	MONOMER-14451; MONOMER-14452	no	0		2	G-11027; G-11028	8	PWY-112; PWY-5203; PWY-5672; PWY-6109; PWY-6115 (... 8 total)	yes	yes	yes	no	10	10	0	9	resolved_name
TAX-41496	Calendula officinalis	41496	yes	3	MONOMER-12601; MONOMER-12603; MONOMER-13651	no	0		2	G-9672; G-9674	2	PWY-5373; PWY-5756	yes	yes	yes	no	2	3	0	2	resolved_name
TAX-261999	Camellia sinensis	261999	yes	1	MONOMER-17692	no	0		0		1	PWY-7114	yes	yes	yes	no	7	26	0	13	resolved_name
TAX-4442	Camellia sinensis	4442	yes	13	CPLX-8827; CPLX-8828; MONOMER-11672; MONOMER-11679; MONOMER-11680 (... 13 total)	no	0		4	G-44169; G-44170; G-44576; G-9085	8	PWY-5037; PWY-5038; PWY-5039; PWY-6606; PWY-6607 (... 8 total)	yes	yes	yes	no	7	26	0	13	resolved_name
TAX-542762	Camellia sinensis	542762	yes	2	MONOMER-17687; MONOMER-17690	no	0		1	G-15387	1	PWY-7114	yes	yes	yes	no	7	26	0	13	resolved_name
TAX-16922	Camptotheca acuminata	16922	yes	4	CACGENE01417.T1; CACGENE12278.T1; MONOMER-15093; MONOMER-15094	no	0		4	CACGENE01417; CACGENE12278; G-11529; G-11530	5	PWY-3181; PWY-5290; PWY-5473; PWY-581; PWY-5877	yes	yes	yes	no	12	12	0	6	resolved_name
TAX-3823	Canavalia ensiformis	3823	yes	3	CPLX-6909; MONOMER-11543; MONOMER-11581	no	0		0		1	PWY-31	yes	no	yes	no	0	1	0	1	resolved_name
TAX-28957	Canavalia lineata	28957	yes	4	CPLX-32; MONOMER-31; MONOMER-46; MONOMER-49	no	0		0		1	PWY-5	yes	no	yes	no	0	3	0	1	resolved_name
TAX-3483	Cannabis sativa	3483	yes	9	CPLX-7057; CPLX-8550; MONOMER-12031; MONOMER-12033; MONOMER-12034 (... 9 total)	no	0		3	G-11413; G-9317; G-9319	9	PWY-5135; PWY-5140; PWY-6295; PWY-6316; PWY-6787 (... 9 total)	yes	yes	yes	no	8	13	0	10	resolved_name
TAX-4071	Capsicum	4071	yes	4	CPLX-7528; MONOMER-13530; MONOMER-13531; MONOMER-13534	no	0		3	G-10300; G-10301; G-10304	2	PWY-5710; PWY-6027	yes	yes	yes	no	1	3	0	2	resolved_name
TAX-4072	Capsicum annuum	4072	yes	11	CA08G10750-MONOMER; CPLX-7090; MONOMER-12145; MONOMER-12170; MONOMER-12171 (... 11 total)	no	0		6	ABA2; CA08G10750; G-11436; G-9395; G-9909 (... 6 total)	22	NONMEVIPP-PWY; PWY-361; PWY-46; PWY-5120; PWY-5122 (... 22 total)	yes	yes	yes	no	12	44	0	34	resolved_name
TAX-80379	Capsicum chinense	80379	yes	3	MONOMER-13528; MONOMER-13529; MONOMER-13706	no	0		3	G-10297; G-10298; G-10466	8	PWY-1121; PWY-361; PWY-5710; PWY-6039; PWY-6432 (... 8 total)	yes	yes	yes	no	9	9	0	8	resolved_name
TAX-4073	Capsicum frutescens	4073	yes	1	MONOMER-13532	no	0		1	G-10302	1	PWY-5710	yes	yes	yes	no	1	1	0	1	resolved_name
TAX-77880	Carapichea ipecacuanha	77880	yes	5	MONOMER-17755; MONOMER-17756; MONOMER-17757; MONOMER-17758; MONOMER-17759	no	0		5	G-15429; G-15430; G-15431; G-15432; G-15433	1	PWY-7135	yes	yes	yes	no	5	5	0	1	resolved_name
TAX-3649	Carica papaya	3649	no	0		yes	2	CPD-14646; CPD-14651	0		0		yes	no	no	yes	0	0	2	1	raw_id
TAX-4222	Carthamus tinctorius	4222	yes	4	MONOMER-16590; MONOMER-16594; MONOMER-16595; MONOMER-19149	no	0		1	G-43876	8	PWY-3561; PWY-6803; PWY-6804; PWY-7631; PWY3O-450 (... 8 total)	yes	yes	yes	no	1	10	0	10	resolved_name
TAX-48032	Carum carvi	48032	yes	3	MONOMER-18461; MONOMER-18463; MONOMER-18464	no	0		0		1	PWY-7443	yes	no	yes	no	0	3	0	1	resolved_name
ORG-5886	Cassia coluteoides	53851	yes	1	MONOMER-9281	no	0		0		4	MANNCAT-PWY; PWY-3861; PWY-3881; PWY-5659	yes	no	yes	no	0	4	0	4	resolved_name
TAX-4058	Catharanthus roseus	4058	yes	31	CPLX-6910; MONOMER-10641; MONOMER-11582; MONOMER-11583; MONOMER-11743 (... 31 total)	no	0		19	G-10613; G-12429; G-12430; G-15428; G-1662 (... 19 total)	47	ETHYL-PWY; METHIONINE-DEG1-PWY; PWY-3101; PWY-3181; PWY-4421 (... 47 total)	yes	yes	yes	no	61	95	0	61	resolved_name
TAX-124768	Celosia cristata	124768	yes	2	MONOMER-12777; MONOMER-12825	no	0		1	G-9790	2	PWY-5399; PWY-5400	yes	yes	yes	no	2	4	0	3	resolved_name
TAX-172057	Centaurium erythraea	172057	yes	4	MONOMER-11399; MONOMER-11400; MONOMER-11401; MONOMER-11402	no	0		0		1	PWY-5002	yes	no	yes	no	0	8	0	2	resolved_name
TAX-223054	Cephalocereus senilis	223054	yes	2	MONOMER-11835; MONOMER-11836	no	0		0		1	PWY-5059	yes	no	yes	no	0	2	0	1	resolved_name
TAX-3225	Ceratodon purpureus	3225	yes	2	MONOMER-15861; MONOMER-15862	no	0		2	G-12184; G-12185	3	PWY-5353; PWY-6603; PWY-6958	yes	yes	yes	no	6	6	0	3	resolved_name
TAX-103475	Cestrum elegans	103475	yes	1	MONOMER-18564	no	0		0		1	PWY-7461	yes	no	yes	no	0	1	0	1	resolved_name
TAX-119174	Chiliadenus	119174	no	0		yes	1	CPD-14374	0		0		yes	no	no	yes	0	0	1	1	raw_id
TAX-3055	Chlamydomonas reinhardtii	3055	yes	281	CHLREDRAFT_106419-MONOMER; CHLREDRAFT_108283-MONOMER; CHLREDRAFT_113296-MONOMER; CHLREDRAFT_115936-MONOMER; CHLREDRAFT_116547-MONOMER (... 281 total)	yes	1	CPD-14899	245	CHLREDRAFT_106419; CHLREDRAFT_108283; CHLREDRAFT_113296; CHLREDRAFT_115936; CHLREDRAFT_116547 (... 245 total)	78	ARGDEGRAD-PWY; CALVIN-PWY; CHLOROPHYLL-SYN; COA-PWY; CYANCAT-PWY (... 78 total)	yes	yes	yes	yes	206	318	1	111	both
TAX-41568	Chrysanthemum x morifolium	41568	yes	2	MONOMER-18525; MONOMER-18527	no	0		2	G-17998; G-18000	3	PWY-5139; PWY-5295; PWY-7452	yes	yes	yes	no	10	10	0	5	resolved_name
TAX-36749	Chrysosplenium americanum	36749	yes	12	MONOMER-14285; MONOMER-14287; MONOMER-14288; MONOMER-14289; MONOMER-14291 (... 12 total)	no	0		4	G-15463; G-15464; G-15467; G-15473	8	PWY-6064; PWY-6199; PWY-6232; PWY-7150; PWY-7151 (... 8 total)	yes	yes	yes	no	20	40	0	10	resolved_name
TAX-3827	Cicer arietinum	3827	yes	40	CPLX-1130; CPLX-6929; MONOMER-11626; MONOMER-11627; MONOMER-1289 (... 40 total)	no	0		1	G-4761	16	PWY-116; PWY-2083; PWY-2321; PWY-2343; PWY-2345 (... 16 total)	yes	yes	yes	no	4	64	0	21	resolved_name
TAX-13427	Cichorium intybus	13427	yes	8	MONOMER-13557; MONOMER-13558; MONOMER-13607; MONOMER-13609; MONOMER-13610 (... 8 total)	no	0		3	G-10328; G-10329; G-12099	7	PWY-5733; PWY-5745; PWY-6540; PWY-6669; PWY-7057 (... 7 total)	yes	yes	yes	no	8	16	0	7	resolved_name
TAX-43462	Cinchona	43462	yes	2	MONOMER-13824; MONOMER-13825	no	0		0		1	PWY-5848	yes	no	yes	no	0	2	0	1	resolved_name
TAX-192326	Cinnamomum tenuipile	192326	yes	1	MONOMER-12834	no	0		1	G-9838	2	PWY-5290; PWY-5829	yes	yes	yes	no	2	2	0	2	resolved_name
TAX-191224	Cistus creticus	191224	yes	2	MONOMER-14864; MONOMER-15960	no	0		2	G-11330; G-12269	3	PWY-5733; PWY-6645; PWY18C3-13	yes	yes	yes	no	4	4	0	4	resolved_name
TAX-76966	Citrus japonica	76966	yes	1	MONOMER-20246	no	0		1	G-55131	3	PWY-6602; PWY-7189; PWY-7897	yes	yes	yes	no	4	4	0	4	resolved_name
TAX-135197	Citrus junos	135197	yes	1	MONOMER-13547	no	0		1	G-10318	1	PWY-5725	yes	yes	yes	no	1	1	0	1	resolved_name
TAX-37334	Citrus maxima	37334	yes	3	MONOMER-11932; MONOMER-14145; MONOMER-14785	no	0		1	G-9253	4	PWY-5094; PWY-5105; PWY-6010; PWY-6239	yes	yes	yes	no	2	4	0	4	resolved_name
TAX-2711	Citrus sinensis	2711	yes	1	MONOMER-14951	no	0		1	G-11401	1	PWY-6291	yes	yes	yes	no	1	1	0	1	resolved_name
TAX-55188	Citrus unshiu	55188	yes	1	MONOMER-18283	no	0		1	G-17787	4	PWY-3101; PWY-5390; PWY-6787; PWY1F-FLAVSYN	yes	yes	yes	no	6	6	0	6	resolved_name
TAX-43166	Citrus x aurantium	43166	yes	1	MONOMER-11933	no	0		0		2	PWY-5094; PWY-5105	yes	no	yes	no	0	2	0	2	resolved_name
TAX-164113	Citrus x microcarpa	164113	yes	1	MONOMER-14960	no	0		1	G-11409	1	PWY-6294	yes	yes	yes	no	1	1	0	1	resolved_name
TAX-37656	Citrus x paradisi	37656	yes	3	MONOMER-11931; MONOMER-15181; MONOMER-17773	no	0		2	G-11614; G-15447	14	PWY-5094; PWY-5105; PWY-5320; PWY-5321; PWY-5348 (... 14 total)	yes	yes	yes	no	27	29	0	16	resolved_name
TAX-36903	Clarkia breweri	36903	yes	12	CPLX-6224; CPLX-8656; MONOMER-10246; MONOMER-10302; MONOMER-10584 (... 12 total)	no	0		9	G-10250; G-10554; G-10557; G-10558; G-15939 (... 9 total)	13	PWY-4201; PWY-4203; PWY-5122; PWY-5123; PWY-5859 (... 13 total)	yes	yes	yes	no	10	24	0	18	resolved_name
TAX-90527	Cleretum bellidiforme	90527	yes	2	MONOMER-12783; MONOMER-12784	no	0		2	G-9796; G-9797	1	PWY-5399	yes	yes	yes	no	4	4	0	2	resolved_name
TAX-43366	Clitoria ternatea	43366	yes	6	CPLX-8691; MONOMER-12396; MONOMER-12402; MONOMER-12403; MONOMER-18042 (... 6 total)	no	0		2	G-16035; G-16036	2	PWY-5295; PWY-7280	yes	no	yes	no	0	7	0	3	resolved_name
TAX-13443	Coffea arabica	13443	yes	6	MONOMER-11670; MONOMER-11671; MONOMER-11673; MONOMER-11674; MONOMER-11675 (... 6 total)	no	0		6	G-9079; G-9080; G-9081; G-9082; G-9083 (... 6 total)	3	PWY-5037; PWY-5038; PWY-5039	yes	yes	yes	no	16	16	0	3	resolved_name
TAX-49390	Coffea canephora	49390	yes	6	MONOMER-14222; MONOMER-14223; MONOMER-14225; MONOMER-14258; MONOMER-14259 (... 6 total)	no	0		6	G-10860; G-10861; G-10863; G-10889; G-10890 (... 6 total)	12	PWY-1121; PWY-361; PWY-5710; PWY-5868; PWY-6039 (... 12 total)	yes	yes	yes	no	30	30	0	12	resolved_name
TAX-45005	Colchicum autumnale	45005	yes	3	MONOMER-13814; MONOMER-13815; MONOMER-13816	no	0		0		1	PWY-5846	yes	no	yes	no	0	3	0	1	resolved_name
TAX-4142	Coleus scutellarioides	4142	yes	4	MONOMER-11763; MONOMER-11764; MONOMER-11774; MONOMER-11775	no	0		1	G-9141	2	PWY-5048; PWY-5049	yes	yes	yes	no	3	10	0	3	resolved_name
TAX-13447	Conium maculatum	13447	yes	3	MONOMER-13621; MONOMER-13624; MONOMER-13626	no	0		0		1	PWY-5748	yes	no	yes	no	0	3	0	2	resolved_name
TAX-3442	Coptis japonica	3442	yes	12	CPLX-5003; CPLX-5006; CPLX-5021; CPLX-5643; MONOMER-12943 (... 12 total)	no	0		8	CYP719; D29811; G-10588; G-58830; G-6405 (... 8 total)	7	PWY-3581; PWY-3901; PWY-5470; PWY-5876; PWY-7138 (... 7 total)	yes	yes	yes	no	11	18	0	11	resolved_name
TAX-397412	Coptis japonica	397412	yes	3	MONOMER-12444; MONOMER-13854; MONOMER-13859	no	0		2	G-10573; G-27160	3	PWY-3581; PWY-5287; PWY-7507	yes	yes	yes	no	11	18	0	11	resolved_name
TAX-13449	Coreopsis grandiflora	13449	yes	1	MONOMER-12120	no	0		0		2	PWY-1901; PWY-5161	yes	no	yes	no	0	2	0	2	resolved_name
TAX-4047	Coriandrum sativum	4047	yes	2	MONOMER-12587; MONOMER-12588	no	0		1	G-9661	1	PWY-5367	yes	yes	yes	no	1	2	0	1	resolved_name
TAX-282776	Corydalis saxicola	282776	yes	1	MONOMER-16686	no	0		1	G-14542	1	PWY-3901	yes	yes	yes	no	1	1	0	1	resolved_name
ORG-5893	Corydalis vaginans	3463	yes	1	MONOMER-12343	no	0		0		2	PWY-5287; PWY-7507	yes	no	yes	no	0	3	0	3	resolved_name
TAX-72610	Crepis alpina	72610	yes	1	MONOMER-14155	no	0		1	G-10818	1	PWY-6013	yes	yes	yes	no	1	1	0	1	resolved_name
TAX-72611	Crepis palaestina	72611	yes	1	MONOMER-14156	no	0		1	G-10819	2	PWY-6014; PWY-6710	yes	yes	yes	no	2	2	0	2	resolved_name
TAX-82528	Crocus sativus	82528	yes	4	CPLX-7229; MONOMER-12426; MONOMER-12717; MONOMER-12719	no	0		2	G-9557; G-9750	2	PWY-5398; PWY-6806	yes	yes	yes	no	2	2	0	2	resolved_name
TAX-431156	Croton stellatopilosus	431156	yes	3	CPLX-7843; MONOMER-14873; MONOMER-14874	no	0		0		1	PWY-6691	yes	no	yes	no	0	1	0	1	resolved_name
TAX-107238	Croton sublyratus	107238	yes	2	MONOMER-14871; MONOMER-16157	no	0		1	G-12457	2	PWY-5120; PWY-6691	yes	yes	yes	no	6	7	0	6	resolved_name
TAX-3369	Cryptomeria japonica	3369	yes	1	MONOMER-19152	no	0		0		1	PWY-7632	yes	no	yes	no	0	1	0	1	resolved_name
TAX-3656	Cucumis melo	3656	yes	12	MONOMER-15544; MONOMER-15706; MONOMER-15708; MONOMER-15709; MONOMER-15710 (... 12 total)	no	0		8	G-11917; G-12064; G-12065; G-12066; G-12067 (... 8 total)	13	ETHYL-PWY; GALACTMETAB-PWY; PWY-3801; PWY-3821; PWY-5079 (... 13 total)	yes	yes	yes	no	25	37	0	17	resolved_name
TAX-3659	Cucumis sativus	3659	yes	14	CPLX-7065; CPLX-7066; MONOMER-11326; MONOMER-12057; MONOMER-12058 (... 14 total)	no	0		3	G-10321; G-11363; G-9338	12	PWY-2261; PWY-3821; PWY-4961; PWY-5136; PWY-5137 (... 12 total)	yes	yes	yes	no	11	39	0	15	resolved_name
TAX-3661	Cucurbita maxima	3661	yes	5	MONOMER-11681; MONOMER-11682; MONOMER-7711; MONOMER-9683; MONOMER-9709	no	0		5	G-6024; G-7362; G-7387; G-9086; G-9087	5	PWY-102; PWY-5032; PWY-5035; PWY-5036; PWY-5070	yes	yes	yes	no	22	22	0	13	resolved_name
ORG-5896	Cucurbita pepo	3663	yes	2	MONOMER-11980; MONOMER-11981	no	0		0		1	PWY-5129	yes	no	yes	no	0	4	0	3	resolved_name
TAX-3663	Cucurbita pepo	3663	yes	1	MONOMER-12617	no	0		0		1	PWY-5337	yes	no	yes	no	0	4	0	3	resolved_name
TAX-136217	Curcuma longa	136217	yes	4	MONOMER-15408; MONOMER-15409; MONOMER-15410; MONOMER-15411	no	0		4	G-11801; G-11802; G-11803; G-11810	2	PWY-6432; PWY-6438	yes	yes	yes	no	10	10	0	6	resolved_name
TAX-79837	Cymbopogon martinii	79837	yes	2	MONOMER-13800; MONOMER-13805	no	0		1	G-10530	1	PWY-5835	yes	yes	yes	no	1	2	0	1	resolved_name
TAX-101602	Dahlia variabilis	101602	yes	4	MONOMER-12015; MONOMER-12076; MONOMER-12118; MONOMER-12119	no	0		1	G-9309	7	PWY-1901; PWY-5139; PWY-5152; PWY-5161; PWY-6401 (... 7 total)	yes	yes	yes	no	3	9	0	8	resolved_name
TAX-106130	Dalbergia cochinchinensis	106130	yes	1	MONOMER-13778	no	0		1	G-10509	1	PWY-5821	yes	yes	yes	no	1	1	0	1	resolved_name
TAX-298683	Dalbergia nigrescens	298683	yes	1	MONOMER-13779	no	0		1	G-10510	1	PWY-5825	yes	yes	yes	no	1	1	0	1	resolved_name
ORG-6210	Daphne odora	66679	yes	2	MONOMER-17430; MONOMER-17432	yes	4	CPD-14427; CPD-14428; CPD-14429; DAPHNIN	0		2	PWY-7055; PWY-7056	yes	no	yes	yes	0	2	5	3	both
TAX-4076	Datura stramonium	4076	yes	3	MONOMER-13848; MONOMER-14990; MONOMER-16824	no	0		2	G-10563; G-11437	3	PWY-46; PWY-5317; PWY-7341	yes	yes	yes	no	6	8	0	5	resolved_name
TAX-4039	Daucus carota	4039	yes	17	CPLX-14; MONOMER-11169; MONOMER-13; MONOMER-14201; MONOMER-14219 (... 17 total)	no	0		1	G-12149	17	GLYOXYLATE-BYPASS; PWY-3385; PWY-361; PWY-4922; PWY-5665 (... 17 total)	yes	yes	yes	no	6	38	0	22	resolved_name
TAX-328206	Davallia trichomanoides	328206	yes	1	MONOMER-17571	no	0		0		1	PWY-7093	yes	no	yes	no	0	1	0	1	resolved_name
TAX-85439	Delphinium grandiflorum	85439	yes	4	MONOMER-17864; MONOMER-18549; MONOMER-18555; MONOMER-18556	no	0		4	G-15507; G-18022; G-18028; G-18029	5	PWY-7256; PWY-7259; PWY-7260; PWY-7458; PWY-7464	yes	yes	yes	no	10	10	0	5	resolved_name
TAX-225101	Desmodium uncinatum	225101	yes	1	MONOMER-14185	no	0		1	G-10834	2	PWY-6029; PWY-641	yes	yes	yes	no	2	2	0	2	resolved_name
TAX-3570	Dianthus caryophyllus	3570	yes	11	MONOMER-12483; MONOMER-12484; MONOMER-15060; MONOMER-15061; MONOMER-15062 (... 11 total)	no	0		8	G-11501; G-11502; G-11503; G-11504; G-11505 (... 8 total)	12	ETHYL-PWY; PWY-2083; PWY-5119; PWY-5339; PWY-6323 (... 12 total)	yes	yes	yes	no	12	21	0	13	resolved_name
TAX-49450	Digitalis lanata	49450	yes	9	MONOMER-14261; MONOMER-14269; MONOMER-14270; MONOMER-14271; MONOMER-14295 (... 9 total)	no	0		4	G-10892; G-10899; G-10900; G-10901	2	PWY-6032; PWY-6036	yes	yes	yes	no	4	9	0	5	resolved_name
TAX-4164	Digitalis purpurea	4164	yes	1	MONOMER-14313	no	0		0		1	PWY-6036	yes	no	yes	no	0	1	0	1	resolved_name
TAX-149691	Dimorphandra mollis	149691	yes	1	MONOMER-17742	no	0		0		7	PWY-5321; PWY-5390; PWY-6360; PWY-7129; PWY-7137 (... 7 total)	yes	no	yes	no	0	9	0	9	resolved_name
TAX-112408	Dimorphotheca sinuata	112408	yes	2	MONOMER-12589; MONOMER-12590	no	0		2	G-9662; G-9663	1	PWY-5368	yes	yes	yes	no	2	2	0	1	resolved_name
TAX-35925	Diospyros kaki	35925	yes	1	MONOMER-18498	no	0		0		1	PWY-7449	yes	no	yes	no	0	1	0	1	resolved_name
TAX-97234	Dryopteris crassirhizoma	97234	yes	1	MONOMER-14418	no	0		1	G-11004	1	PWY-6095	yes	yes	yes	no	1	1	0	1	resolved_name
TAX-3258	Equisetum arvense	3258	yes	5	MONOMER-11694; MONOMER-16518; MONOMER-16523; MONOMER-16535; MONOMER-16536	no	0		2	G-12792; G-12793	12	PWY-2083; PWY-3101; PWY-5060; PWY-5135; PWY-5390 (... 12 total)	yes	yes	yes	no	8	19	0	15	resolved_name
TAX-32224	Eriobotrya japonica	32224	yes	1	MONOMER4FS-49	no	0		1	G4FS-39	2	PWY-361; PWY-6027	yes	yes	yes	no	2	2	0	2	resolved_name
TAX-3467	Eschscholzia californica	3467	yes	13	MONOMER-12338; MONOMER-12340; MONOMER-12341; MONOMER-12342; MONOMER-12344 (... 13 total)	no	0		9	BBE; G-10560; G-10561; G-15449; G-15450 (... 9 total)	9	PWY-3581; PWY-3901; PWY-5287; PWY-5470; PWY-6337 (... 9 total)	yes	yes	yes	no	26	30	0	9	resolved_name
TAX-4307	Euonymus alatus	4307	yes	2	MONOMER-17839; MONOMER-17840	no	0		0		1	PWY-7166	yes	no	yes	no	0	2	0	1	resolved_name
TAX-54672	Euphorbia lagascae	54672	yes	3	MONOMER-15848; MONOMER-15849; MONOMER-15850	no	0		1	G-12175	3	PWY-6014; PWY-6710; PWY-7634	yes	yes	yes	no	1	4	0	4	resolved_name
TAX-52518	Eustoma grandiflorum	52518	yes	1	MONOMER-12075	no	0		1	G-9313	0		yes	yes	yes	no	2	2	0	2	resolved_name
TAX-3617	Fagopyrum esculentum	3617	yes	6	MONOMER-12680; MONOMER-12682; MONOMER-17741; MONOMER-17749; MONOMER-17751 (... 6 total)	no	0		3	G-55132; G-9730; G-9731	17	PWY-5321; PWY-5337; PWY-5379; PWY-5380; PWY-5390 (... 17 total)	yes	yes	yes	no	14	25	0	20	resolved_name
TAX-62330	Fagopyrum tataricum	62330	yes	5	MONOMER-17739; MONOMER-17744; MONOMER-17746; MONOMER-17747; MONOMER-17748	no	0		1	G-15425	4	PWY-3101; PWY-5390; PWY-6787; PWY-7134	yes	yes	yes	no	4	8	0	5	resolved_name
TAX-4224	Flaveria bidentis	4224	yes	2	MONOMER-14676; MONOMER-14704	no	0		0		1	PWY-6199	yes	no	yes	no	0	4	0	2	resolved_name
TAX-4228	Flaveria chlorifolia	4228	yes	4	MONOMER-14678; MONOMER-14702; MONOMER-14703; MONOMER-14711	no	0		0		1	PWY-6199	yes	no	yes	no	0	8	0	2	resolved_name
TAX-48038	Foeniculum vulgare	48038	yes	4	MONOMER-13876; MONOMER-15442; MONOMER-15444; MONOMER-15468	no	0		0		5	PWY-5867; PWY-5882; PWY-6437; PWY-6445; PWY-6449	yes	no	yes	no	0	10	0	5	resolved_name
TAX-205692	Forsythia koreana	205692	yes	1	MONOMER-19148	no	0		1	G-43875	1	PWY-7631	yes	yes	yes	no	1	1	0	1	resolved_name
TAX-55183	Forsythia x intermedia	55183	yes	6	CPLX-7298; CPLX-7300; CPLX-7303; MONOMER-12932; MONOMER-12934 (... 6 total)	no	0		3	G-9895; G-9897; G-9899	3	PWY-5466; PWY-5469; PWY-6824	yes	no	yes	no	0	4	0	2	resolved_name
TAX-3746	Fragaria	3746	yes	1	MONOMER-17433	yes	1	CPD-14434	1	G-15204	2	PWY-7055; PWY-7058	yes	yes	yes	yes	2	2	1	2	both
TAX-3747	Fragaria x ananassa	3747	yes	14	CPLX-9249; FXAC_10G03810.T1; FXAC_10G03870.T1; FXAC_10G03910.T1; FXAC_11G13021.T1 (... 14 total)	no	0		3	G-10748; G-10749; G-10750	8	PWY-1121; PWY-2181; PWY-5032; PWY-5868; PWY-5968 (... 8 total)	yes	yes	yes	no	5	16	0	14	resolved_name
TAX-867926	Freesia hybrid cultivar	867926	yes	1	MONOMER-18011	no	0		1	G-16001	3	PWY-5313; PWY-7262; PWY-7450	yes	yes	yes	no	3	3	0	3	resolved_name
TAX-254777	Galium mollugo	254777	yes	3	MONOMER-11669; MONOMER-11678; MONOMER-13721	no	0		0		2	PWY-5791; PWY-5837	yes	no	yes	no	0	7	0	3	resolved_name
TAX-50768	Gentiana straminea	50768	yes	1	MONOMER-17474	no	0		1	G-15229	7	PWY-5203; PWY-5672; PWY-6109; PWY-6115; PWY-7066 (... 7 total)	yes	yes	yes	no	8	8	0	8	resolved_name
TAX-55190	Gentiana triflora	55190	yes	4	MONOMER-12014; MONOMER-12085; MONOMER-12427; MONOMER-18003	no	0		4	G-15992; G-9308; G-9355; G-9558	2	PWY-5153; PWY-5307	yes	yes	yes	no	7	7	0	3	resolved_name
TAX-18101	Gerbera hybrid cultivar	18101	yes	1	MONOMER-11863	no	0		1	G-9216	4	PWY-2083; PWY-5060; PWY-7325; PWY-7995	yes	yes	yes	no	6	6	0	6	resolved_name
TAX-3311	Ginkgo biloba	3311	yes	8	MONOMER-11954; MONOMER-12553; MONOMER-18256; MONOMER-18257; MONOMER-18258 (... 8 total)	no	0		8	G-17761; G-17762; G-17763; G-17786; G-17806 (... 8 total)	12	PWY-3101; PWY-361; PWY-5123; PWY-5390; PWY-6027 (... 12 total)	yes	yes	yes	no	23	23	0	18	resolved_name
TAX-76714	Glandularia x hybrida	76714	yes	1	MONOMER-12012	no	0		1	G-9306	5	PWY-5139; PWY-5268; PWY-5284; PWY-5313; PWY-7262	yes	yes	yes	no	6	6	0	6	resolved_name
TAX-99038	Glebionis coronaria	99038	no	0		yes	1	CPD-14342	0		0		yes	no	no	yes	0	0	1	1	raw_id
TAX-118509	Glebionis segetum	118509	yes	2	MONOMER-18650; MONOMER-18652	no	0		0		4	PWY-5321; PWY-7129; PWY-7157; PWY-7495	yes	no	yes	no	0	8	0	7	resolved_name
TAX-3847	Glycine max	3847	yes	174	CPLX-1102; CPLX-1105; CPLX-1106; CPLX-1107; CPLX-1122 (... 174 total)	no	0		126	G-10283; G-10284; G-11067; G-11220; G-11281 (... 126 total)	127	CHLOROPHYLL-SYN; ETOH-ACETYLCOA-ANA-PWY; GALACTMETAB-PWY; GLUCONEO-PWY; GLYCOLYSIS (... 127 total)	yes	yes	yes	no	491	587	0	142	resolved_name
TAX-3848	Glycine soja	3848	yes	2	MONOMER-16864; MONOMER-16865	no	0		2	G-14688; G-14689	0		yes	yes	yes	no	4	4	0	2	resolved_name
TAX-46348	Glycyrrhiza echinata	46348	yes	14	MONOMER-11863; MONOMER-12564; MONOMER-15064; MONOMER-15065; MONOMER-4681 (... 14 total)	no	0		4	G-3789; G-5703; G-9216; G-9647	11	PWY-2002; PWY-2055; PWY-2083; PWY-2321; PWY-5060 (... 11 total)	yes	yes	yes	no	16	38	0	15	resolved_name
TAX-49827	Glycyrrhiza glabra	49827	yes	7	MONOMER-12194; MONOMER-5148; MONOMER-5149; MONOMER-7402; MONOMER-7441 (... 7 total)	no	0		6	G-5662; G-5682; G-5701; G-5703; G-5741 (... 6 total)	16	PWY-2002; PWY-2083; PWY-2321; PWY-2463; PWY-2464 (... 16 total)	yes	yes	yes	no	26	28	0	21	resolved_name
TAX-74613	Glycyrrhiza uralensis	74613	yes	2	MONOMER-16879; MONOMER-17470	no	0		2	G-14703; G-15226	1	PWY-7066	yes	yes	yes	no	2	2	0	1	resolved_name
TAX-29729	Gossypium arboreum	29729	yes	4	MONOMER-11987; MONOMER-13696; MONOMER-13697; MONOMER-13698	no	0		4	G-10456; G-10457; G-10458; G-9291	3	PWY-5129; PWY-5773; PWY-5828	yes	yes	yes	no	6	6	0	3	resolved_name
TAX-3634	Gossypium barbadense	3634	yes	2	CPLX-7570; MONOMER-13699	no	0		1	G-10459	1	PWY-5773	yes	no	yes	no	0	1	0	1	resolved_name
TAX-3635	Gossypium hirsutum	3635	yes	1	MONOMER-12626	no	0		0		3	PWY-5316; PWY-7342; PYRIDNUCSYN-PWY	yes	no	yes	no	0	3	0	3	resolved_name
TAX-39387	Gypsophila vaccaria	39387	yes	1	MONOMER-13655	no	0		1	G-10409	1	PWY-5759	yes	yes	yes	no	1	1	0	1	resolved_name
TAX-44745	Haematococcus lacustris	44745	yes	1	MONOMER-19182	no	0		1	G-43902	3	PWY-5288; PWY-5944; PWY-7636	yes	yes	yes	no	4	4	0	4	resolved_name
TAX-4233	Helianthus tuberosus	4233	yes	6	CPLX-1922; CPLX-1923; MONOMER-11773; MONOMER-15522; MONOMER-2181 (... 6 total)	no	0		2	G-1541; G-1542	4	PWY-6465; PWY-6468; PWY-6618; PWY-822	yes	no	yes	no	0	7	0	6	resolved_name
TAX-3981	Hevea brasiliensis	3981	yes	8	CPLX-8534; MONOMER-11666; MONOMER-12858; MONOMER-13765; MONOMER-17564 (... 8 total)	no	0		3	G-15290; G-9077; G-9856	20	GLUCONEO-PWY; GLYCOLYSIS; PWY-1042; PWY-3121; PWY-5120 (... 20 total)	yes	yes	yes	no	23	36	0	29	resolved_name
TAX-4513	Hordeum vulgare	4513	yes	40	CPLX-1925; CPLX-1943; CPLX-1965; CPLX-4762; CPLX-6984 (... 40 total)	no	0		23	G-10642; G-10647; G-10649; G-10654; G-10665 (... 23 total)	31	ARG-PRO-PWY; CHOLINE-BETAINE-ANA-PWY; PWY-3341; PWY-3801; PWY-4101 (... 31 total)	yes	yes	yes	no	23	56	0	38	resolved_name
TAX-3486	Humulus lupulus	3486	yes	9	CPLX-7046; MONOMER-11999; MONOMER-12000; MONOMER-12001; MONOMER-12004 (... 9 total)	no	0		7	G-55015; G-55016; G-55018; G-9298; G-9303 (... 7 total)	11	PWY-5132; PWY-5133; PWY-5135; PWY-5808; PWY-6316 (... 11 total)	yes	yes	yes	no	31	36	0	17	resolved_name
TAX-23110	Hydrangea macrophylla	23110	yes	1	MONOMER-11632	no	0		1	G-9048	1	PWY-84	yes	yes	yes	no	1	1	0	1	resolved_name
TAX-310458	Hyoscyamus albus	310458	yes	1	MONOMER-12434	no	0		1	G-9559	1	PWY-5315	yes	yes	yes	no	3	3	0	3	resolved_name
TAX-35626	Hyoscyamus muticus	35626	yes	2	MONOMER-16034; VS1-MONOMER	no	0		2	G-12337; VS1	1	PWY-2961	yes	yes	yes	no	2	2	0	1	resolved_name
TAX-4079	Hyoscyamus niger	4079	yes	8	CPLX-7161; CPLX-7162; CPLX-7163; MONOMER-12443; MONOMER-12444 (... 8 total)	no	0		2	G-10382; G-9566	4	PWY-5315; PWY-5317; PWY-5318; PWY-7341	yes	yes	yes	no	4	9	0	4	resolved_name
TAX-140968	Hypericum androsaemum	140968	yes	8	CPLX-6741; MONOMER-11387; MONOMER-11389; MONOMER-11397; MONOMER-11398 (... 8 total)	no	0		1	G-8865	6	PWY-5001; PWY-6443; PWY-6446; PWY-6457; PWY-6458 (... 6 total)	yes	no	yes	no	0	15	0	7	resolved_name
TAX-55963	Hypericum calycinum	55963	yes	2	MONOMER-13762; MONOMER-17857	yes	1	CPD-14997	1	G-15504	19	PWY-361; PWY-5048; PWY-5132; PWY-5133; PWY-5135 (... 19 total)	yes	yes	yes	yes	20	24	1	24	both
TAX-65561	Hypericum perforatum	65561	yes	3	MONOMER-13710; MONOMER-13763; MONOMER-15014	no	0		2	G-10470; G-11458	4	PWY-5132; PWY-5133; PWY-5780; PWY-5808	yes	yes	yes	no	4	8	0	8	resolved_name
TAX-108394	Hyssopus	108394	no	0		yes	1	CPD-15477	0		0		yes	no	no	yes	0	0	2	2	raw_id
TAX-63779	Impatiens balsamina	63779	yes	1	MONOMER-12616	no	0		1	G-9685	1	PWY-5375	yes	yes	yes	no	1	1	0	1	resolved_name
TAX-4120	Ipomoea batatas	4120	yes	6	CPLX-8128; MONOMER-14070; MONOMER-15153; MONOMER-15154; MONOMER-15814 (... 6 total)	no	0		3	G-11592; G-11593; G-17797	8	PWY-5349; PWY-5968; PWY-6348; PWY-6575; PWY-6577 (... 8 total)	yes	yes	yes	no	6	9	0	8	resolved_name
TAX-35883	Ipomoea nil	35883	yes	1	MONOMER-12332	no	0		1	G-9519	4	PWY-5286; PWY-5310; PWY-5312; PWY-5313	yes	yes	yes	no	4	4	0	4	resolved_name
TAX-4121	Ipomoea purpurea	4121	yes	1	MONOMER-12333	no	0		1	G-9520	4	PWY-5286; PWY-5310; PWY-5312; PWY-5313	yes	yes	yes	no	4	4	0	4	resolved_name
TAX-51240	Juglans regia	51240	yes	1	MONOMER-12983	no	0		0		1	PWY-5473	yes	no	yes	no	0	1	0	1	resolved_name
TAX-23013	Kalanchoe daigremontiana	23013	yes	3	MONOMER-17973; MONOMER-17975; MONOMER-17976	no	0		3	G-15967; G-15969; G-15970	7	PWY-5203; PWY-5672; PWY-6109; PWY-6115; PWY-7066 (... 7 total)	yes	yes	yes	no	27	27	0	10	resolved_name
TAX-61147	Kandelia candel	61147	yes	2	MONOMER-14445; MONOMER-14450	no	0		2	G-11021; G-11026	11	PWY-112; PWY-5203; PWY-5377; PWY-5672; PWY-6109 (... 11 total)	yes	yes	yes	no	15	15	0	13	resolved_name
TAX-4236	Lactuca sativa	4236	yes	1	MONOMER-15751	no	0		1	G-12098	2	PWY-5745; PWY-6540	yes	yes	yes	no	13	13	0	8	resolved_name
TAX-188838	Lampranthus sociorum	188838	yes	1	MONOMER-18008	no	0		0		1	PWY-7265	yes	no	yes	no	0	1	0	1	resolved_name
TAX-3862	Lathyrus tingitanus	3862	yes	1	MONOMER-15	no	0		0		1	PWY-1	yes	no	yes	no	0	1	0	1	resolved_name
TAX-39169	Lavandula	39169	no	0		yes	1	CPD-15477	0		0		yes	no	no	yes	0	0	2	2	raw_id
TAX-39329	Lavandula angustifolia	39329	yes	2	MONOMER-13458; MONOMER-14818	no	0		2	G-10246; G-11317	4	PWY-6243; PWY-6836; PWY-7182; PWY-7709	yes	yes	yes	no	5	5	0	5	resolved_name
TAX-3864	Lens culinaris	3864	yes	1	MONOMER-12481	no	0		0		2	PWY-5337; PWY-5338	yes	no	yes	no	0	2	0	2	resolved_name
TAX-33125	Lepidium sativum	33125	yes	1	MONOMER-16131	no	0		1	G-12435	1	PWY-6684	yes	yes	yes	no	1	1	0	1	resolved_name
TAX-3866	Leucaena leucocephala	3866	yes	2	CPLX-6721; MONOMER-11365	no	0		0		1	PWY-4985	yes	no	yes	no	0	1	0	1	resolved_name
TAX-4690	Lilium longiflorum	4690	yes	3	CPLX-6361; MONOMER-10861; MONOMER-11167	no	0		0		3	PWY-2301; PWY-4661; PWY-4841	yes	no	yes	no	0	3	0	3	resolved_name
TAX-42439	Limnanthes alba	42439	yes	2	MONOMER-12555; MONOMER-12558	no	0		2	G-9642; G-9643	2	PWY-5080; PWY-5361	yes	yes	yes	no	2	2	0	2	resolved_name
TAX-28973	Limnanthes douglasii	28973	yes	2	MONOMER-12148; MONOMER-12149	no	0		2	G-9398; LAT1	3	PWY-5667; PWYIO2-7; TRIGLSYN-PWY	yes	yes	yes	no	10	10	0	5	resolved_name
TAX-407263	Linum flavum	407263	yes	4	CPLX-8979; MONOMER-13010; MONOMER-18642; MONOMER-19215	no	0		1	G-43932	3	PWY-5479; PWY-7491; PWY-7643	yes	no	yes	no	0	3	0	3	resolved_name
TAX-407264	Linum nodiflorum	407264	yes	4	CPLX-8978; MONOMER-13011; MONOMER-18641; MONOMER-19214	no	0		1	G-43931	3	PWY-5479; PWY-7491; PWY-7643	yes	no	yes	no	0	3	0	3	resolved_name
TAX-35941	Linum perenne	35941	yes	2	MONOMER-16661; MONOMER-16668	no	0		2	G-14518; G-14525	3	PWY-5466; PWY-6820; PWY-6824	yes	yes	yes	no	3	3	0	3	resolved_name
TAX-4006	Linum usitatissimum	4006	yes	11	CPLX-8152; CPLX-8535; CPLX-8536; MONOMER-15903; MONOMER-17567 (... 11 total)	no	0		3	G-12224; G-18091; G4FS-24	15	PWY-1121; PWY-3022; PWY-3121; PWY-361; PWY-5710 (... 15 total)	yes	yes	yes	no	9	18	0	16	resolved_name
TAX-4400	Liquidambar styraciflua	4400	yes	1	MONOMER4FS-43	no	0		1	G4FS-32	2	PWY-361; PWY-5168	yes	yes	yes	no	2	2	0	2	resolved_name
TAX-34254	Lithospermum erythrorhizon	34254	yes	6	MONOMER-11772; MONOMER-13508; MONOMER-13509; MONOMER-13510; MONOMER-13687 (... 6 total)	no	0		4	G-10286; G-10287; G-10448; G-9142	16	PWY-361; PWY-5048; PWY-5135; PWY-5701; PWY-5868 (... 16 total)	yes	yes	yes	no	20	37	0	17	resolved_name
TAX-4521	Lolium multiflorum	4521	no	0		yes	1	CPD-15481	0		0		yes	no	no	yes	0	0	1	1	raw_id
TAX-4522	Lolium perenne	4522	yes	2	MONOMER4FS-38; MONOMER4FS-39	no	0		2	G4FS-27; G4FS-28	2	PWY-361; PWY-5168	yes	yes	yes	no	3	3	0	2	resolved_name
TAX-47247	Lotus corniculatus	47247	yes	3	MONOMER-14180; MONOMER-14199; MONOMER-18651	no	0		2	G-10832; G-10846	5	PWY-6029; PWY-6035; PWY-641; PWY-7495; PWY-7498	yes	yes	yes	no	3	6	0	6	resolved_name
TAX-34305	Lotus japonicus	34305	yes	117	CPLX-5642; LJ1G0001290.1; LJ1G0001393.1; LJ1G0003544.1; LJ1G0005780.1 (... 117 total)	no	0		116	G-10324; G-10325; G-10802; G-10803; G-12589 (... 116 total)	45	GLUTATHIONESYN-PWY; PANTO-PWY; PWY-116; PWY-2002; PWY-2321 (... 45 total)	yes	yes	yes	no	463	463	0	56	resolved_name
TAX-3870	Lupinus albus	3870	yes	2	MONOMER-10741; MONOMER-13855	no	0		1	G-10569	3	PWY-4502; PWY-4681; PWY-5468	yes	yes	yes	no	1	4	0	4	resolved_name
TAX-3871	Lupinus angustifolius	3871	yes	1	MONOMER-7421	no	0		0		4	GLUGLNSYN-PWY; PWY-6963; PWY4LZ-283; PWY4LZ-81	yes	no	yes	no	0	5	0	5	resolved_name
TAX-3873	Lupinus luteus	3873	yes	11	CPLX-6141; CPLX-6976; MONOMER-10442; MONOMER-10461; MONOMER-10902 (... 11 total)	no	0		0		11	METHIONINE-DEG1-PWY; PWY-4702; PWY-4781; PWY-5041; PWY-5967 (... 11 total)	yes	no	yes	no	0	26	0	16	resolved_name
TAX-3874	Lupinus polyphyllus	3874	yes	3	MONOMER-12938; MONOMER-12939; MONOMER-12941	no	0		0		2	PWY-5468; PWY0-461	yes	no	yes	no	0	4	0	2	resolved_name
ORG-5911	Lupinus termis	3869	yes	1	MONOMER-12940	no	0		0		1	PWY-5468	yes	no	yes	no	0	1	0	1	resolved_name
TAX-283673	Lycopersicon hirsutum	283673	yes	1	MONOMER-15857	no	0		1	G-12180	2	PWY-6585; PWY-7007	yes	yes	yes	no	2	2	0	2	resolved_name
TAX-3406	Magnolia grandiflora	3406	yes	2	MONOMER-14947; MONOMER-14948	no	0		2	G-11397; G-11398	2	PWY-3041; PWY-6290	yes	yes	yes	no	2	2	0	2	resolved_name
ORG-6292	Malus domestica	3750	yes	1	MONOMER-19614	no	0		1	G-44316	1	PWY-7739	yes	yes	yes	no	12	15	0	11	resolved_name
ORG-6293	Malus domestica	3750	yes	1	MONOMER-19615	no	0		1	G-44317	1	PWY-7739	yes	yes	yes	no	12	15	0	11	resolved_name
TAX-3750	Malus domestica	3750	yes	12	CPLX-6946; CPLX-6951; MONOMER-11698; MONOMER-11700; MONOMER-11709 (... 12 total)	no	0		7	G-10310; G-10317; G-12045; G-15457; G-15458 (... 7 total)	8	PWY-3101; PWY-4101; PWY-5054; PWY-5725; PWY-6515 (... 8 total)	yes	yes	yes	no	12	15	0	11	resolved_name
TAX-283210	Malus pumila	283210	yes	2	MONOMER-15672; MONOMER-15673	no	0		1	G-12041	2	PWY-6515; PWY-7897	yes	yes	yes	no	1	3	0	2	resolved_name
ORG-5912	Manihot esculenta	3983	yes	2	CPLX-4482; MONOMER-6903	no	0		0		2	PWY-3121; PWY-7091	yes	yes	yes	no	11	15	0	5	resolved_name
TAX-3983	Manihot esculenta	3983	yes	7	CPLX-4481; MONOMER-16012; MONOMER-6667; MONOMER-6681; MONOMER-6861 (... 7 total)	no	0		5	G-12222; G-12223; G-12321; G-5147; G-5161	4	PWY-3022; PWY-3121; PWY-5990; PWY-7091	yes	yes	yes	no	11	15	0	5	resolved_name
TAX-3724	Matthiola incana	3724	yes	4	MONOMER-11942; MONOMER-19361; MONOMER-19362; MONOMER-19372	no	0		0		9	PWY-5139; PWY-5268; PWY-5284; PWY-5313; PWY-6787 (... 9 total)	yes	no	yes	no	0	13	0	10	resolved_name
TAX-3879	Medicago sativa	3879	yes	12	MONOMER-17412; MONOMER-18291; MONOMER-4923; MONOMER-4964; MONOMER-4981 (... 12 total)	no	0		9	G-15187; G-17795; G-3802; G-3861; G-5683 (... 9 total)	25	GLUCONEO-PWY; GLYOXYLATE-BYPASS; P23-PWY; PWY-1121; PWY-2002 (... 25 total)	yes	yes	yes	no	33	39	0	30	resolved_name
TAX-3880	Medicago truncatula	3880	yes	9	MONOMER-12196; MONOMER-13693; MONOMER-13695; MONOMER-14194; MONOMER-15266 (... 9 total)	yes	1	ENZYME-S-SULFANYLCYSTEINE	9	G-10453; G-10455; G-10841; G-11689; G-11690 (... 9 total)	14	PWY-2463; PWY-2464; PWY-5203; PWY-5672; PWY-5774 (... 14 total)	yes	yes	yes	no	22	22	0	18	resolved_name
TAX-59788	Megathyrsus maximus	59788	yes	7	CPLX-8566; MONOMER-17675; MONOMER-17676; MONOMER-17677; MONOMER-17678 (... 7 total)	no	0		1	G-15381	12	ALACAT2-PWY; ALANINE-DEG3-PWY; ALANINE-SYN2-PWY; ASPARTATESYN-PWY; GLUCONEO-PWY (... 12 total)	yes	yes	yes	no	3	25	0	14	resolved_name
TAX-47082	Melilotus albus	47082	yes	5	MONOMER-12159; MONOMER-12160; MONOMER-12161; MONOMER-12162; MONOMER-12433	no	0		0		2	PWY-5176; PWY-5319	yes	no	yes	no	0	5	0	2	resolved_name
TAX-190902	Mentha aquatica	190902	yes	1	MONOMER-12781	no	0		1	G-9794	2	PWY-7182; PWY-7709	yes	yes	yes	no	3	3	0	3	resolved_name
TAX-29719	Mentha spicata	29719	yes	2	MONOMER-15424; MONOMER-6782	no	0		2	G-5223; G-5262	6	PWY-3041; PWY-3061; PWY-5423; PWY-5928; PWY-6436 (... 6 total)	yes	yes	yes	no	8	8	0	7	resolved_name
TAX-34256	Mentha x piperita	34256	yes	17	CPLX-4642; CPLX-7045; MONOMER-11994; MONOMER-11995; MONOMER-14486 (... 17 total)	no	0		14	G-11061; G-11064; G-17650; G-5164; G-5165 (... 14 total)	16	PWY-3041; PWY-3061; PWY-5122; PWY-5123; PWY-5423 (... 16 total)	yes	yes	yes	no	12	19	0	11	resolved_name
TAX-3544	Mesembryanthemum crystallinum	3544	yes	3	CPLX-8859; MONOMER-16307; MONOMER-18674	no	0		2	G-12581; G-27147	19	PWY-1121; PWY-2181; PWY-361; PWY-5391; PWY-5710 (... 19 total)	yes	yes	yes	no	1	20	0	20	resolved_name
TAX-696524	Microtea debilis	696524	no	0		yes	1	CPD-15477	0		0		yes	no	no	yes	0	0	2	2	raw_id
TAX-76306	Mimosa pudica	76306	yes	1	MONOMER-16860	no	0		1	G-14685	0		yes	yes	yes	no	1	1	0	1	resolved_name
TAX-3538	Mirabilis jalapa	3538	yes	1	MONOMER-12776	no	0		1	G-9789	1	PWY-5399	yes	yes	yes	no	2	2	0	2	resolved_name
TAX-3673	Momordica charantia	3673	yes	1	MONOMER-12618	no	0		1	G-9686	1	PWY-5375	yes	yes	yes	no	1	1	0	1	resolved_name
TAX-4641	Musa acuminata	4641	yes	11	CPLX-7219; CPLX-7220; CPLX-7221; CPLX-7270; MONOMER-12700 (... 11 total)	no	0		0		13	GLUCONEO-PWY; GLYCOLYSIS; PWY-1042; PWY-3801; PWY-5054 (... 13 total)	yes	no	yes	no	0	26	0	15	resolved_name
TAX-1540222	Narcissus aff. pseudonarcissus MK-2014	1540222	yes	4	CPLX-9160; MONOMER-20064; MONOMER-20065; MONOMER-20066	no	0		3	G-44757; G-44758; G-44759	1	PWY-7826	yes	yes	yes	no	2	2	0	1	resolved_name
TAX-39639	Narcissus pseudonarcissus	39639	yes	2	MONOMER-18247; MONOMER-18248	no	0		2	G-17755; G-17756	5	PWY-5942; PWY-5943; PWY-6287; PWY-6475; PWY-7943	yes	yes	yes	no	9	9	0	7	resolved_name
TAX-4376	Nepenthes alata	4376	yes	4	MONOMER-16640; MONOMER-16641; MONOMER-16642; MONOMER-16645	no	0		4	G-14498; G-14499; G-14500; G-14503	2	PWY-6814; PWY-6902	yes	yes	yes	no	5	5	0	3	resolved_name
TAX-150990	Nepenthes rafflesiana	150990	yes	1	MONOMER-16643	no	0		1	G-14501	2	PWY-6814; PWY-6902	yes	yes	yes	no	2	2	0	2	resolved_name
TAX-59042	Nerine bowdenii	59042	yes	2	MONOMER-20067; MONOMER-20068	no	0		0		1	PWY-7826	yes	no	yes	no	0	2	0	1	resolved_name
TAX-49451	Nicotiana attenuata	49451	yes	8	EAS12-MONOMER; EAS34-MONOMER; EAS37-MONOMER; MONOMER-14776; MONOMER-14777 (... 8 total)	no	0		8	EAS12; EAS34; EAS37; G-11278; G-11279 (... 8 total)	6	PWY-2921; PWY-361; PWY-6027; PWY-6220; PWY-6233 (... 6 total)	yes	yes	yes	no	14	14	0	7	resolved_name
TAX-4100	Nicotiana benthamiana	4100	yes	6	MONOMER18C3-405; MONOMER18C3-406; MONOMER18C3-407; MONOMER18C3-408; MONOMER18C3-409 (... 6 total)	no	0		6	G18C3-384; G18C3-385; G18C3-386; G18C3-387; G18C3-388 (... 6 total)	3	PWY-2541; PWY18C3-1; PWY66-341	yes	yes	yes	no	12	12	0	6	resolved_name
TAX-35889	Nicotiana glutinosa	35889	yes	1	MONOMER18C3-49	no	0		0		1	PWY18C3-18	yes	no	yes	no	0	2	0	2	resolved_name
TAX-4092	Nicotiana plumbaginifolia	4092	yes	1	MONOMER-2602	no	0		1	G-1801	2	PWY-5174; PWY-5945	yes	yes	yes	no	3	3	0	3	resolved_name
TAX-4093	Nicotiana rustica	4093	yes	1	MONOMER-12623	no	0		1	G-9690	4	PWY-5316; PWY-5653; PWY-7342; PYRIDNUCSYN-PWY	yes	yes	yes	no	5	5	0	5	resolved_name
TAX-4096	Nicotiana sylvestris	4096	yes	5	MONOMER-8101; MONOMER-8128; MONOMER18C3-16; MONOMER18C3-17; MONOMER18C3-18	no	0		3	G18C3-15; G18C3-16; G18C3-17	4	PWY-3461; PWY-3462; PWY-6120; PWY18C3-7	yes	yes	yes	no	6	12	0	6	resolved_name
TAX-4097	Nicotiana tabacum	4097	yes	48	CPLX-6983; CPLX-7160; CPLX-7311; CPLX18C3-1; EAH-MONOMER (... 48 total)	no	0		28	EAH; EAS; G-10617; G-10733; G-11602 (... 28 total)	57	CHLOROPHYLL-SYN; ETOH-ACETYLCOA-ANA-PWY; HEME-BIOSYNTHESIS-II; PWY-1061; PWY-1121 (... 57 total)	yes	yes	yes	no	74	109	0	67	resolved_name
TAX-204141	Ocimum americanum	204141	no	0		yes	1	CPD-15473	0		0		yes	no	no	yes	0	0	1	1	raw_id
TAX-39350	Ocimum basilicum	39350	yes	24	CPLX-6223; CPLX-6225; CPLX-6226; CPLX-8521; MONOMER-10583 (... 24 total)	yes	5	CPD-15468; CPD-15473; CPD-15474; CPD-15476; CPD-15477	18	G-10518; G-10528; G-10529; G-10549; G-11408 (... 18 total)	19	PWY-2083; PWY-3041; PWY-3061; PWY-4201; PWY-5060 (... 19 total)	yes	yes	yes	yes	35	39	7	26	both
TAX-367363	Ophiorrhiza japonica	367363	yes	1	MONOMER-15079	no	0		1	G-11512	1	PWY-5290	yes	yes	yes	no	1	1	0	1	resolved_name
TAX-157934	Ophiorrhiza pumila	157934	yes	2	MONOMER-15080; MONOMER-15092	yes	2	CPD-15042; CPD-15043	2	G-11513; G-11528	5	PWY-3181; PWY-5290; PWY-5473; PWY-581; PWY-5877	yes	yes	yes	yes	6	6	2	6	both
TAX-4527	Oryza	4527	yes	10	MONOMER-13932; MONOMER-13933; MONOMER-13937; MONOMER-13939; MONOMER-13941 (... 10 total)	no	0		10	G-10634; G-10635; G-10639; G-10641; G-10643 (... 10 total)	8	ETHYL-PWY; METHIONINE-DEG1-PWY; PWY-5041; PWY-5912; PWY-5934 (... 8 total)	yes	yes	yes	no	19	19	0	10	resolved_name
ORG-6035	Oryza sativa	39947	yes	4	MONOMER-13863; MONOMER-15591; MONOMER-18624; MONOMER-18625	no	0		4	G-10577; G-11962; G-18089; G-18090	3	PWY-6483; PWY-7477; PWY-7489	yes	yes	yes	no	205	217	0	123	resolved_name
TAX-39946	Oryza sativa	39946	yes	1	MONOMER-18622	no	0		1	G-18087	2	PWY-6887; PWY-7481	yes	yes	yes	no	205	217	0	123	resolved_name
TAX-39947	Oryza sativa	39947	yes	32	GN7F-16055-MONOMER; GN7F-29755-MONOMER; LOC_OS02G08100.1-MONOMER; LOC_OS02G09490.1-MONOMER; LOC_OS04G09900.1-MONOMER (... 32 total)	yes	1	ENZYME-S-SULFANYLCYSTEINE	32	G-10580; G-10582; G-11970; G-12015; G-12117 (... 32 total)	52	PWY-1121; PWY-2083; PWY-2181; PWY-2681; PWY-2981 (... 52 total)	yes	yes	yes	no	205	217	0	123	resolved_name
TAX-4530	Oryza sativa	4530	yes	52	CPLX-1542; CPLX-1563; CPLX-1564; CPLX-1602; CPLX-7209 (... 52 total)	no	0		43	CYC1; CYC2; DTC1; DTC2; G-10767 (... 43 total)	52	PWY-102; PWY-2083; PWY-2541; PWY-2981; PWY-3801 (... 52 total)	yes	yes	yes	no	205	217	0	123	resolved_name
TAX-3560	Oxybasis rubra	3560	yes	1	MONOMER-12828	no	0		0		1	PWY-5400	yes	no	yes	no	0	2	0	2	resolved_name
TAX-4054	Panax ginseng	4054	yes	5	MONOMER-12195; MONOMER-13442; MONOMER-13444; MONOMER-13453; MONOMER-15322	no	0		4	G-10232; G-10234; G-10241; G-9433	12	PWY-5203; PWY-5670; PWY-5672; PWY-6105; PWY-6109 (... 12 total)	yes	yes	yes	no	19	20	0	15	resolved_name
TAX-44586	Panax notoginseng	44586	yes	2	MONOMER-13443; MONOMER-13452	no	0		1	G-10233	2	PWY-5670; PWY-5672	yes	yes	yes	no	4	5	0	5	resolved_name
TAX-4540	Panicum miliaceum	4540	yes	5	MONOMER-17667; MONOMER-17669; MONOMER-17670; MONOMER-17673; MONOMER-17674	no	0		3	G-15378; G-15379; G-15380	11	ALACAT2-PWY; ALANINE-DEG3-PWY; ALANINE-SYN2-PWY; ASPARTATESYN-PWY; GLUCONEO-PWY (... 11 total)	yes	yes	yes	no	12	20	0	13	resolved_name
TAX-38727	Panicum virgatum	38727	yes	9	MONOMER4FS-52; MONOMER4FS-53; MONOMER4FS-54; MONOMER4FS-58; PAVIR.3KG443800.1.P (... 9 total)	no	0		9	G4FS-40; G4FS-41; G4FS-42; G4FS-46; PAVIR.3KG443800 (... 9 total)	17	PWY-361; PWY-5048; PWY-5135; PWY-5168; PWY-5868 (... 17 total)	yes	yes	yes	no	33	22	0	24	resolved_name
TAX-3469	Papaver somniferum	3469	yes	30	CPLX-5004; CPLX-7305; CPLX-7310; MONOMER-12297; MONOMER-12298 (... 30 total)	no	0		23	G-10562; G-11925; G-11926; G-11927; G-11928 (... 23 total)	18	PWY-1121; PWY-3581; PWY-3901; PWY-5270; PWY-5287 (... 18 total)	yes	yes	yes	no	54	60	0	18	resolved_name
ORG-6200	Paul's Scarlet Climber Rose	74647	yes	3	MONOMER-17016; MONOMER-17017; MONOMER-17018	no	0		0		1	PWY-6960	yes	no	yes	no	0	3	0	1	resolved_name
TAX-98709	Pericallis cruenta	98709	yes	1	MONOMER-18516	no	0		1	G-17989	1	PWY-7452	yes	yes	yes	no	1	1	0	1	resolved_name
TAX-121094	Perilla citriodora	121094	yes	2	MONOMER-13790; MONOMER-13791	no	0		2	G-10520; G-10521	2	PWY-5290; PWY-5829	yes	yes	yes	no	4	4	0	2	resolved_name
TAX-48386	Perilla frutescens	48386	yes	5	MONOMER-11864; MONOMER-12013; MONOMER-12110; MONOMER-13792; MONOMER-15423	no	0		5	G-10522; G-12052; G-9217; G-9307; G-9372	15	PWY-3061; PWY-5060; PWY-5139; PWY-5268; PWY-5284 (... 15 total)	yes	yes	yes	no	24	24	0	19	resolved_name
TAX-46142	Petiveria alliacea	46142	yes	1	MONOMER-15742	no	0		1	G-12094	1	PWY-6539	yes	yes	yes	no	1	1	0	1	resolved_name
TAX-4043	Petroselinum crispum	4043	yes	9	CPLX-7038; MONOMER-11940; MONOMER-12564; MONOMER-12672; MONOMER-14138 (... 9 total)	no	0		2	G-17793; G-9647	27	PWY-1121; PWY-2083; PWY-361; PWY-4821; PWY-5048 (... 27 total)	yes	yes	yes	no	24	31	0	29	resolved_name
TAX-33119	Petunia axillaris	33119	yes	13	MONOMER18C3-143; PEAXI162SCF00047G00116-MONOMER; PEAXI162SCF00047G01123-MONOMER; PEAXI162SCF00047G01129-MONOMER; PEAXI162SCF00245G00010-MONOMER (... 13 total)	no	0		13	G18C3-140; PEAXI162SCF00047G00116; PEAXI162SCF00047G01123; PEAXI162SCF00047G01129; PEAXI162SCF00245G00010 (... 13 total)	2	PWY-4203; PWY18C3-22	yes	yes	yes	no	42	42	0	9	resolved_name
TAX-4102	Petunia x hybrida	4102	yes	24	CPLX4FS-1; MONOMER-11838; MONOMER-11930; MONOMER-12019; MONOMER-12020 (... 24 total)	no	0		20	G-10401; G-10546; G-10547; G-10548; G-10602 (... 20 total)	53	PWY-1121; PWY-3101; PWY-321; PWY-3461; PWY-3462 (... 53 total)	yes	yes	yes	no	77	82	0	59	resolved_name
TAX-3886	Phaseolus coccineus	3886	yes	2	MONOMER-11631; MONOMER-11634	no	0		2	G-9047; G-9050	3	PWY-102; PWY-5035; PWY-5070	yes	yes	yes	no	4	4	0	4	resolved_name
TAX-3884	Phaseolus lunatus	3884	yes	1	PLZOG1-MONOMER	no	0		1	PLZOG1	1	PWY-2902	yes	yes	yes	no	1	1	0	1	resolved_name
TAX-3885	Phaseolus vulgaris	3885	yes	13	CPLX-1128; CPLX-7523; MONOMER-11988; MONOMER-11989; MONOMER-12620 (... 13 total)	no	0		0		15	PWY-2002; PWY-3042; PWY-3941; PWY-5129; PWY-5337 (... 15 total)	yes	no	yes	no	0	19	0	16	resolved_name
TAX-218620	Phlebodium aureum	218620	yes	2	CPLX-8545; MONOMER-17613	no	0		0		2	PWY-6011; PWY-7093	yes	no	yes	no	0	2	0	2	resolved_name
TAX-15957	Phleum pratense	15957	yes	1	MONOMER-16316	no	0		1	G-12585	1	PWY-862	yes	yes	yes	no	1	1	0	1	resolved_name
TAX-63442	Physaria fendleri	63442	yes	1	MONOMER-18038	no	0		1	G-16033	2	PWY-5995; PWY-6433	yes	yes	yes	no	2	2	0	2	resolved_name
TAX-439687	Physaria lindheimeri	439687	yes	1	MONOMER-18039	no	0		1	G-16034	1	PWY-6433	yes	yes	yes	no	1	1	0	1	resolved_name
TAX-3218	Physcomitrium patens	3218	yes	6	MONOMER-12524; MONOMER-12525; MONOMER-12526; MONOMER-15965; MONOMER-17817 (... 6 total)	no	0		6	G-12274; G-15479; G-15481; G-9611; G-9613 (... 6 total)	10	PWY-2981; PWY-5032; PWY-5353; PWY-5998; PWY-6603 (... 10 total)	yes	yes	yes	no	18	18	0	15	resolved_name
TAX-3329	Picea abies	3329	yes	12	MONOMER-11622; MONOMER-11624; MONOMER-12742; MONOMER-12744; MONOMER-12762 (... 12 total)	no	0		10	G-9770; G-9771; G-9775; G-9778; G-9781 (... 10 total)	22	PWY-116; PWY-3041; PWY-3061; PWY-5411; PWY-5412 (... 22 total)	yes	yes	yes	no	66	68	0	33	resolved_name
TAX-3330	Picea glauca	3330	yes	1	MONOMER4FS-19	no	0		0		2	PWY-6303; PWY0A-6303	yes	no	yes	no	0	2	0	2	resolved_name
TAX-3332	Picea sitchensis	3332	yes	1	MONOMER-14954	no	0		1	G-11403	1	PWY-5425	yes	yes	yes	no	2	2	0	2	resolved_name
TAX-40958	Pimpinella	40958	yes	2	MONOMER-13886; MONOMER-13887	no	0		0		2	PWY-5867; PWY-5882	yes	no	yes	no	0	3	0	3	resolved_name
TAX-271192	Pimpinella anisum	271192	yes	2	MONOMER-15432; MONOMER-15433	no	0		2	G-11818; G-11819	2	PWY-5867; PWY-5882	yes	yes	yes	no	4	4	0	2	resolved_name
TAX-3353	Pinus banksiana	3353	yes	1	MONOMER-11629	no	0		0		1	PWY-116	yes	no	yes	no	0	1	0	1	resolved_name
TAX-3339	Pinus contorta	3339	yes	1	MONOMER-11625	no	0		1	G-9044	1	PWY-116	yes	yes	yes	no	1	1	0	1	resolved_name
TAX-77912	Pinus densiflora	77912	yes	8	CPLX-6967; CPLX-6968; CPLX-6969; CPLX-7003; MONOMER-11734 (... 8 total)	no	0		4	G-9119; G-9120; G-9121; G-9193	1	PWY-5045	yes	no	yes	no	0	2	0	1	resolved_name
TAX-88730	Pinus massoniana	88730	yes	1	MONOMER4FS-33	no	0		1	G4FS-33	15	PWY-361; PWY-5048; PWY-5135; PWY-5868; PWY-6039 (... 15 total)	yes	yes	yes	no	16	16	0	16	resolved_name
TAX-3347	Pinus radiata	3347	yes	1	MONOMER4FS-42	no	0		1	G4FS-31	3	PWY-361; PWY-6039; PWY-6320	yes	yes	yes	no	3	3	0	3	resolved_name
TAX-268869	Pinus sabiniana	268869	yes	2	MONOMER-16827; MONOMER-16830	no	0		1	G-14656	1	PWY-6913	yes	yes	yes	no	1	2	0	1	resolved_name
TAX-3348	Pinus strobus	3348	yes	5	CPLX-6965; CPLX-6966; MONOMER-11612; MONOMER-11732; MONOMER-11733	no	0		2	G-9117; G-9118	3	PWY-116; PWY-5045; PWY-83	yes	no	yes	no	0	2	0	2	resolved_name
TAX-3349	Pinus sylvestris	3349	yes	15	CPLX-6962; CPLX-6963; CPLX-6964; CPLX-6972; CPLX-7004 (... 15 total)	no	0		5	G-14643; G-6981; G-9115; G-9116; G-9194	10	GLUCONEO-PWY; GLYCOLYSIS; PWY-1042; PWY-5045; PWY-5484 (... 10 total)	yes	yes	yes	no	8	18	0	12	resolved_name
TAX-3352	Pinus taeda	3352	yes	3	MONOMER-12739; MONOMER-12741; MONOMER-14972	no	0		3	G-11420; G-9768; G-9769	8	PWY-5411; PWY-5412; PWY-5413; PWY-5414; PWY-5421 (... 8 total)	yes	yes	yes	no	14	14	0	9	resolved_name
TAX-13216	Piper nigrum	13216	yes	1	MONOMER-13650	no	0		0		1	PWY-5752	yes	no	yes	no	0	1	0	1	resolved_name
TAX-3888	Pisum sativum	3888	yes	65	CPLX-4101; CPLX-5361; CPLX-5541; CPLX-5562; CPLX-5581 (... 65 total)	no	0		24	G-11422; G-11423; G-11424; G-11431; G-11539 (... 24 total)	84	CALVIN-PWY; ETOH-ACETYLCOA-ANA-PWY; GALACTMETAB-PWY; GLUCONEO-PWY; GLYCOLYSIS (... 84 total)	yes	yes	yes	no	65	171	0	100	resolved_name
TAX-122308	Plumbago indica	122308	yes	1	MONOMER-15025	no	0		1	G-11468	1	PWY-6314	yes	yes	yes	no	2	2	0	2	resolved_name
TAX-35933	Podophyllum peltatum	35933	yes	4	CPLX-7304; MONOMER-12937; MONOMER-18643; MONOMER-19146	no	0		2	G-43873; G-9900	5	PWY-5466; PWY-6824; PWY-7491; PWY-7630; PWY-7748	yes	yes	yes	no	2	5	0	5	resolved_name
TAX-28511	Pogostemon cablin	28511	yes	5	MONOMER-14835; MONOMER-14836; MONOMER-14837; MONOMER-14858; MONOMER-14859	no	0		5	G-11321; G-11322; G-11323; G-11324; G-11325	5	PWY-5733; PWY-6257; PWY-6258; PWY-6540; PWY-6669	yes	yes	yes	no	7	7	0	5	resolved_name
TAX-3696	Populus deltoides	3696	yes	2	MONOMER-17463; MONOMER-18655	no	0		2	G-15223; G-27130	4	PWY-7055; PWY-7058; PWY-7186; PWY-7325	yes	yes	yes	no	4	4	0	4	resolved_name
TAX-3693	Populus tremuloides	3693	yes	1	MONOMER-18266	no	0		1	G-17771	1	PWY1F-823	yes	yes	yes	no	1	1	0	1	resolved_name
TAX-3694	Populus trichocarpa	3694	yes	10	753205-MONOMER; 824484-MONOMER; 834247-MONOMER; GDPS-49532-MONOMER; MONOMER-14888 (... 10 total)	yes	1	ENZYME-S-SULFANYLCYSTEINE	9	G-11347; G-14989; G-17768; G-17769; G4FS-8 (... 9 total)	18	PWY-1121; PWY-2181; PWY-361; PWY-5168; PWY-5486 (... 18 total)	yes	yes	yes	no	23	28	0	21	resolved_name
TAX-3583	Portulaca grandiflora	3583	yes	3	MONOMER-11769; MONOMER-12751; MONOMER-12753	no	0		1	G-9774	2	PWY-5049; PWY-5394	yes	yes	yes	no	2	7	0	5	resolved_name
TAX-39358	Prunella vulgaris	39358	yes	1	MONOMER-20617	no	0		1	G-58769	3	PWY-3581; PWY-5048; PWY-5886	yes	yes	yes	no	5	5	0	5	resolved_name
TAX-3755	Prunus dulcis	3755	yes	4	MONOMER4FS-14; MONOMER4FS-15; MONOMER4FS-16; MONOMER4FS-18	no	0		4	G4FS-2; G4FS-3; G4FS-5; G4FS-6	1	PWY-7824	yes	yes	yes	no	4	4	0	1	resolved_name
TAX-102107	Prunus mume	102107	yes	1	MONOMER4FS-11	no	0		0		1	PWY-5859	yes	no	yes	no	0	1	0	1	resolved_name
TAX-23207	Prunus serotina	23207	yes	3	MONOMER-14142; MONOMER-14143; MONOMER-14144	no	0		3	G-10806; G-10807; G-10808	2	PWY-6011; PWY-7093	yes	yes	yes	no	4	4	0	2	resolved_name
TAX-3357	Pseudotsuga menziesii	3357	yes	1	MONOMER-16024	no	0		1	G-12332	1	PWY-7102	yes	yes	yes	no	1	1	0	1	resolved_name
TAX-13821	Pteris vittata	13821	yes	1	MONOMER-16319	no	0		1	G-12588	1	PWY-6745	yes	yes	yes	no	1	1	0	1	resolved_name
TAX-3893	Pueraria montana	3893	yes	2	MONOMER-4681; MONOMER-4908	no	0		1	G-3790	5	PWY-2002; PWY-2055; PWY-2083; PWY-2321; PWY1F-FLAVSYN	yes	yes	yes	no	1	7	0	7	resolved_name
TAX-22663	Punica granatum	22663	yes	1	MONOMER-12610	no	0		1	G-9679	1	PWY-5374	yes	yes	yes	no	1	1	0	1	resolved_name
TAX-38942	Quercus robur	38942	yes	5	MONOMER-12993; MONOMER-12995; MONOMER-12999; MONOMER-13000; MONOMER-18489	no	0		1	G-17971	2	PWY-5475; PWY-7448	yes	yes	yes	no	3	12	0	3	resolved_name
TAX-3512	Quercus rubra	3512	yes	1	MONOMER-12994	no	0		0		2	PWY-5475; PWY-7448	yes	no	yes	no	0	3	0	3	resolved_name
TAX-3726	Raphanus sativus	3726	yes	11	CPLX-7121; CPLX-7652; MONOMER-10168; MONOMER-12263; MONOMER-12264 (... 11 total)	no	0		2	G-10800; G-12560	4	PWY-3301; PWY-5098; PWY-5267; PWY-6730	yes	yes	yes	no	1	8	0	3	resolved_name
TAX-4060	Rauvolfia serpentina	4060	yes	11	CPLX-7148; MONOMER-12391; MONOMER-12394; MONOMER-12395; MONOMER-12397 (... 11 total)	no	0		4	G-6083; G-9543; G-9544; G-9545	2	PWY-5292; PWY-5301	yes	yes	yes	no	4	9	0	2	resolved_name
TAX-137221	Rheum palmatum	137221	yes	4	CPLX-6601; CPLX-7227; MONOMER-11264; MONOMER-12713	no	0		2	G-8562; G-9747	2	PWY-4801; PWY-5393	yes	no	yes	no	0	2	0	2	resolved_name
TAX-205071	Rheum tataricum	205071	yes	2	CPLX-234; MONOMER-233	no	0		1	G-230	1	PWY-84	yes	no	yes	no	0	1	0	1	resolved_name
TAX-98588	Rhizophora stylosa	98588	yes	3	MONOMER-14449; MONOMER-14453; MONOMER-14454	no	0		3	G-11025; G-11029; G-11030	10	PWY-112; PWY-5203; PWY-5672; PWY-6109; PWY-6115 (... 10 total)	yes	yes	yes	no	23	23	0	12	resolved_name
TAX-203015	Rhodiola rosea	203015	yes	1	MONOMER-16586	no	0		1	G-12827	4	PWY-3581; PWY-5474; PWY-6802; PWY-7826	yes	yes	yes	no	4	4	0	4	resolved_name
TAX-265354	Rhodiola sachalinensis	265354	yes	3	MONOMER-16580; MONOMER-16581; MONOMER-16587	no	0		3	G-12825; G-12826; G-12828	4	PWY-3581; PWY-5474; PWY-6802; PWY-7826	yes	yes	yes	no	6	6	0	4	resolved_name
TAX-255348	Rhus typhina	255348	yes	8	CPLX-7313; MONOMER-12996; MONOMER-12997; MONOMER-13003; MONOMER-13004 (... 8 total)	no	0		0		2	PWY-5475; PWY-5477	yes	no	yes	no	0	14	0	3	resolved_name
TAX-3988	Ricinus communis	3988	yes	24	CPLX-4982; CPLX-5521; CPLX-7199; CPLX-7267; MONOMER-12153 (... 24 total)	no	0		3	G-11427; G-11805; G-6305	23	CALVIN-PWY; GLUCONEO-PWY; GLYCOLYSIS; LIPASYN-PWY; PWY-1042 (... 23 total)	yes	yes	yes	no	10	73	0	28	resolved_name
TAX-35938	Robinia pseudoacacia	35938	yes	2	MONOMER-11658; MONOMER-11997	no	0		1	G-9069	4	PWY-5119; PWY-5697; PWY-5698; PWY4LZ-81	yes	yes	yes	no	8	9	0	9	resolved_name
TAX-3764	Rosa	3764	yes	4	CPLX-8507; MONOMER-17497; MONOMER-17501; MONOMER-17502	no	0		0		1	PWY-7074	yes	no	yes	no	0	1	0	1	resolved_name
TAX-74649	Rosa chinensis	74649	yes	4	MONOMER-13672; MONOMER-13678; MONOMER-13679; MONOMER-17507	no	0		4	G-10428; G-10439; G-10440; G-15246	2	PWY-5765; PWY-7076	yes	yes	yes	no	4	4	0	2	resolved_name
TAX-128735	Rosa hybrid cultivar	128735	yes	14	CPLX-8510; CPLX-8511; MONOMER-12113; MONOMER-13643; MONOMER-13644 (... 14 total)	no	0		12	G-10399; G-10400; G-10402; G-10441; G-10442 (... 12 total)	23	PWY-5079; PWY-5125; PWY-5160; PWY-5284; PWY-5313 (... 23 total)	yes	yes	yes	no	34	35	0	25	resolved_name
TAX-3765	Rosa x damascena	3765	yes	1	MONOMER4FS-12	no	0		1	G4FS-1	1	PWY-5751	yes	yes	yes	no	3	3	0	3	resolved_name
TAX-29802	Rubia tinctorum	29802	yes	1	MONOMER-13723	no	0		0		3	PWY-5791; PWY-5837; PWY-6406	yes	no	yes	no	0	4	0	4	resolved_name
TAX-32247	Rubus idaeus	32247	yes	5	CPLX-7226; MONOMER-12712; MONOMER-12714; MONOMER-15027; MONOMER-15028	no	0		2	G-11469; G-11470	7	PWY-5135; PWY-5393; PWY-6316; PWY-6787; PWY-7397 (... 7 total)	yes	yes	yes	no	12	13	0	7	resolved_name
TAX-52299	Rudbeckia hirta	52299	yes	5	MONOMER-17811; MONOMER-17812; MONOMER-17813; MONOMER-17814; MONOMER-17815	no	0		0		5	PWY-5321; PWY-7129; PWY-7157; PWY-7161; PWY-7498	yes	no	yes	no	0	11	0	7	resolved_name
TAX-37565	Ruta graveolens	37565	yes	6	MONOMER-14024; MONOMER-14029; MONOMER-14031; MONOMER-14038; MONOMER-14039 (... 6 total)	no	0		6	G-10712; G-10717; G-10719; G-10725; G-10726 (... 6 total)	6	PWY-5958; PWY-6792; PWY-6982; PWY-7398; PWY-7463 (... 6 total)	yes	yes	yes	no	12	12	0	7	resolved_name
TAX-405948	Saccharopolyspora erythraea	405948	no	0		yes	1	CPD-14376	0		0		yes	no	no	yes	0	0	1	1	raw_id
TAX-4547	Saccharum officinarum	4547	yes	4	CPLX-9319; MONOMER-15485; MONOMER-15486; MONOMER-20571	no	0		0		2	PWY-6456; PWY-8011	yes	no	yes	no	0	3	0	2	resolved_name
TAX-268906	Salvia fruticosa	268906	yes	3	MONOMER-19363; MONOMER-19364; MONOMER-19365	no	0		3	G-44071; G-44072; G-44073	7	PWY-5411; PWY-5412; PWY-5413; PWY-5414; PWY-5421 (... 7 total)	yes	yes	yes	no	10	10	0	8	resolved_name
TAX-38868	Salvia officinalis	38868	yes	4	CPLX-8430; MONOMER-13764; MONOMER-17127; MONOMER-17128	no	0		1	G-10498	2	PWY-5813; PWY-6990	yes	no	yes	no	0	4	0	2	resolved_name
TAX-180675	Salvia splendens	180675	yes	2	MONOMER-12279; MONOMER-12281	no	0		2	G-9491; G-9493	3	PWY-5268; PWY-5284; PWY-5313	yes	yes	yes	no	6	6	0	4	resolved_name
TAX-202612	Salvia stenophylla	202612	yes	1	MONOMER-15470	no	0		1	G-11853	2	PWY-5423; PWY-6451	yes	yes	yes	no	3	3	0	3	resolved_name
TAX-3472	Sanguinaria canadensis	3472	yes	1	MONOMER-12346	no	0		0		2	PWY-5287; PWY-7507	yes	no	yes	no	0	2	0	2	resolved_name
TAX-35974	Santalum album	35974	yes	1	MONOMER-16738	no	0		1	G-14587	4	PWY-6243; PWY-6836; PWY-6888; PWY-7102	yes	yes	yes	no	4	4	0	4	resolved_name
TAX-293154	Santalum austrocaledonicum	293154	yes	1	MONOMER-16739	no	0		1	G-14588	4	PWY-6243; PWY-6836; PWY-6888; PWY-7102	yes	yes	yes	no	4	4	0	4	resolved_name
TAX-453088	Santalum spicatum	453088	yes	1	MONOMER-16740	no	0		1	G-14589	1	PWY-6836	yes	yes	yes	no	1	1	0	1	resolved_name
TAX-4463	Sauromatum venosum	4463	yes	1	MONOMER-10382	no	0		1	G-8062	1	PWY-4302	yes	yes	yes	no	2	2	0	2	resolved_name
TAX-137893	Saussurea medusa	137893	yes	1	MONOMER-18265	no	0		1	G-17770	2	PWY-7252; PWY1F-823	yes	yes	yes	no	2	2	0	2	resolved_name
TAX-182070	Saxifraga stolonifera	182070	yes	1	MONOMER-12517	no	0		0		0		yes	no	yes	no	0	1	0	1	resolved_name
TAX-135200	Schizonepeta tenuifolia	135200	yes	1	MONOMER-18462	no	0		1	G-17951	1	PWY-7443	yes	yes	yes	no	1	1	0	1	resolved_name
TAX-65409	Scutellaria baicalensis	65409	yes	8	CPLX-8164; CPLX-8165; MONOMER-15933; MONOMER-15936; MONOMER-17919 (... 8 total)	no	0		6	G-12249; G-12251; G-15551; G-15552; G-15553 (... 6 total)	3	PWY-7212; PWY-7213; PWY-7214	yes	yes	yes	no	5	8	0	3	resolved_name
TAX-512023	Scutellaria viscidula	512023	yes	1	MONOMER-17918	no	0		0		2	PWY-7212; PWY-7214	yes	no	yes	no	0	2	0	2	resolved_name
TAX-4550	Secale cereale	4550	yes	13	CPLX-8823; MONOMER-12891; MONOMER-12893; MONOMER-14786; MONOMER-14787 (... 13 total)	yes	1	CPD-14430	1	G-15210	9	CALVIN-PWY; GLUCONEO-PWY; GLYCOLYSIS; PWY-1042; PWY-5484 (... 9 total)	yes	yes	yes	yes	1	24	1	11	both
TAX-59777	Selaginella lepidophylla	59777	yes	2	CPLX4FS-4; MONOMER4FS-27	no	0		1	G4FS-16	1	TRESYN-PWY	yes	no	yes	no	0	1	0	1	resolved_name
TAX-88036	Selaginella moellendorffii	88036	yes	3	GI06-18781-MONOMER; GIO6-20123-MONOMER; MONOMER-17912	no	0		3	G-15549; GIO6-18781; GIO6-20123	9	PWY-5411; PWY-5412; PWY-5413; PWY-5414; PWY-5421 (... 9 total)	yes	yes	yes	no	20	20	0	12	resolved_name
TAX-18794	Senecio	18794	yes	1	MONOMER-18010	no	0		0		3	PWY-5313; PWY-7262; PWY-7450	yes	no	yes	no	0	3	0	3	resolved_name
TAX-93496	Senecio vernalis	93496	yes	1	MONOMER-13926	no	0		1	G-10628	1	PWY-5907	yes	yes	yes	no	1	1	0	1	resolved_name
TAX-76276	Senecio vulgaris	76276	yes	1	MONOMER-13925	no	0		1	G-10627	1	PWY-5907	yes	yes	yes	no	1	1	0	1	resolved_name
TAX-459859	Senegalia nigrescens	459859	no	0		yes	1	CPD-15480	0		0		yes	no	no	yes	0	0	1	1	raw_id
TAX-300844	Sesamum alatum	300844	yes	1	MONOMER-17761	no	0		1	G-15435	1	PWY-7139	yes	yes	yes	no	1	1	0	1	resolved_name
TAX-4182	Sesamum indicum	4182	yes	3	MONOMER-12946; MONOMER-17760; MONOMER-17763	no	0		3	G-15434; G-15437; G-9904	2	PWY-5469; PWY-7139	yes	yes	yes	no	3	3	0	2	resolved_name
TAX-300843	Sesamum radiatum	300843	yes	2	MONOMER-12947; MONOMER-17762	no	0		2	G-15436; G-9905	2	PWY-5469; PWY-7139	yes	yes	yes	no	2	2	0	2	resolved_name
TAX-3895	Sesbania rostrata	3895	yes	1	MONOMER-4921	no	0		1	G-3801	1	PWY1F-FLAVSYN	yes	yes	yes	no	1	1	0	1	resolved_name
TAX-4555	Setaria italica	4555	yes	18	MONOMER-9521; SEITA.1G108500.1.P; SEITA.1G108600.1.P; SEITA.1G203600.1.P; SEITA.2G144400.1.P (... 18 total)	no	0		17	SEITA.1G108500; SEITA.1G108600; SEITA.1G203600; SEITA.2G144400; SEITA.2G144900 (... 17 total)	15	PWY-2981; PWY-3981; PWY-5032; PWY-5290; PWY-5425 (... 15 total)	yes	yes	yes	no	68	69	0	19	resolved_name
TAX-39879	Silene dioica	39879	yes	2	MONOMER-12016; MONOMER-12017	no	0		0		2	PWY-5139; PWY-7458	yes	no	yes	no	0	6	0	4	resolved_name
TAX-37657	Silene latifolia	37657	yes	3	MONOMER-14160; MONOMER-14169; MONOMER-14172	no	0		0		2	PWY-6015; PWY-6024	yes	no	yes	no	0	5	0	2	resolved_name
TAX-52853	Silene latifolia	52853	yes	2	MONOMER-14168; MONOMER-14170	no	0		0		1	PWY-6024	yes	no	yes	no	0	5	0	2	resolved_name
TAX-3999	Simmondsia chinensis	3999	yes	3	MONOMER-13888; MONOMER-13889; MONOMER-13890	no	0		3	G-10595; G-10596; G-10597	2	PWY-5884; PWY-5885	yes	yes	yes	no	4	4	0	3	resolved_name
TAX-189007	Sinningia cardinalis	189007	yes	2	MONOMER-17991; MONOMER-17994	no	0		2	G-15985; G-15986	2	PWY-7252; PWY-7253	yes	yes	yes	no	4	4	0	2	resolved_name
TAX-93608	Sinopodophyllum hexandrum	93608	yes	7	MONOMER-19147; MONOMER-19668; MONOMER-19669; MONOMER-19670; MONOMER-19671 (... 7 total)	no	0		7	G-43874; G-44370; G-44371; G-44372; G-44373 (... 7 total)	4	PWY-5479; PWY-7630; PWY-7748; PWY-7749	yes	yes	yes	no	10	10	0	5	resolved_name
TAX-267265	Solanum aculeatissimum	267265	yes	1	MONOMER18C3-13	no	0		1	G18C3-12	1	PWY18C3-4	yes	yes	yes	no	2	2	0	2	resolved_name
ORG18C3-1	Solanum habrochaites	62890	yes	2	MONOMER18C3-37; MONOMER18C3-45	no	0		2	G18C3-34; G18C3-42	3	PWY18C3-10; PWY18C3-15; PWY18C3-16	yes	yes	yes	no	73	73	0	35	resolved_name
ORG18C3-2	Solanum habrochaites	62890	yes	2	MONOMER18C3-38; MONOMER18C3-39	no	0		2	G18C3-35; G18C3-36	3	PWY18C3-10; PWY18C3-15; PWY18C3-16	yes	yes	yes	no	73	73	0	35	resolved_name
ORG18C3-3	Solanum habrochaites	62890	yes	3	MONOMER18C3-40; MONOMER18C3-41; MONOMER18C3-46	no	0		3	G18C3-37; G18C3-38; G18C3-43	3	PWY18C3-10; PWY18C3-15; PWY18C3-16	yes	yes	yes	no	73	73	0	35	resolved_name
ORG18C3-4	Solanum habrochaites	62890	yes	3	MONOMER18C3-42; MONOMER18C3-43; MONOMER18C3-44	no	0		3	G18C3-39; G18C3-40; G18C3-41	3	PWY18C3-10; PWY18C3-15; PWY18C3-16	yes	yes	yes	no	73	73	0	35	resolved_name
TAX-62890	Solanum habrochaites	62890	yes	7	MONOMER-13580; MONOMER-14819; MONOMER-14834; MONOMER-17487; MONOMER-17828 (... 7 total)	no	0		7	G-10351; G-11318; G-11320; G-15234; G-15484 (... 7 total)	22	PWY-5122; PWY-5123; PWY-5391; PWY-5733; PWY-6064 (... 22 total)	yes	yes	yes	no	73	73	0	35	resolved_name
TAX-4081	Solanum lycopersicum	4081	yes	97	CPLX-2202; CPLX-5343; CPLX-5401; CPLX-5461; CPLX-5501 (... 97 total)	yes	1	CPD-14431	82	G-10243; G-10350; G-10394; G-10395; G-10396 (... 82 total)	102	ARG-PRO-PWY; ARGASEDEG-PWY; ARGSYNBSUB-PWY; ASPARAGINE-BIOSYNTHESIS; CITRULBIO-PWY (... 102 total)	yes	yes	yes	yes	206	215	1	123	both
TAX-4111	Solanum melongena	4111	yes	1	MONOMER18C3-12	no	0		0		1	PWY18C3-4	yes	no	yes	no	0	2	0	2	resolved_name
TAX-28526	Solanum pennellii	28526	yes	4	MONOMER18C3-31; MONOMER18C3-33; MONOMER18C3-36; MONOMER18C3-56	no	0		4	G18C3-28; G18C3-30; G18C3-33; G18C3-52	5	PWY18C3-15; PWY18C3-16; PWY18C3-23; PWY18C3-8; PWY18C3-9	yes	yes	yes	no	12	12	0	7	resolved_name
TAX-4113	Solanum tuberosum	4113	yes	123	CPLX-1622; CPLX-1681; CPLX-1702; CPLX-1703; CPLX-1704 (... 123 total)	no	0		78	G-10224; G-10226; G-10228; G-11126; G-11127 (... 78 total)	52	DTDPRHAMSYN-PWY; ETOH-ACETYLCOA-ANA-PWY; GLUCONEO-PWY; GLYCOLYSIS; PWY-1042 (... 52 total)	yes	yes	yes	no	136	169	0	54	resolved_name
TAX-59297	Solidago canadensis	59297	yes	2	MONOMER-13577; MONOMER-13578	no	0		2	G-10348; G-10349	1	PWY-5733	yes	yes	yes	no	2	2	0	1	resolved_name
TAX-49840	Sophora flavescens	49840	yes	4	MONOMER-16837; MONOMER-16838; MONOMER-16839; MONOMER-16840	no	0		2	G-14664; G-14665	1	PWY-6914	yes	yes	yes	no	2	4	0	1	resolved_name
TAX-36599	Sorbus aucuparia	36599	yes	7	CPLX-8546; MONOMER-15331; MONOMER-15332; MONOMER-17615; MONOMER-19611 (... 7 total)	no	0		6	G-11734; G-11735; G-15331; G-44313; G-44314 (... 6 total)	2	PWY-6418; PWY-7739	yes	yes	yes	no	5	6	0	2	resolved_name
TAX-4558	Sorghum bicolor	4558	yes	17	CPLX-7005; MONOMER-11834; MONOMER-14082; MONOMER-14083; MONOMER-14084 (... 17 total)	no	0		15	G-10757; G-10758; G-10759; G-10777; G-10778 (... 15 total)	21	PWY-3462; PWY-361; PWY-5048; PWY-5135; PWY-5868 (... 21 total)	yes	yes	yes	no	32	34	0	25	resolved_name
TAX-3562	Spinacia oleracea	3562	yes	45	CPLX-1543; CPLX-17408; CPLX-2742; CPLX-2743; CPLX-5441 (... 45 total)	no	0		14	G-10795; G-14516; G-14517; G-1641; G-17675 (... 14 total)	51	ASPSYNII-PWY; CALVIN-PWY; CHOLINE-BETAINE-ANA-PWY; GLUCONEO-PWY; GLYCOLYSIS (... 51 total)	yes	yes	yes	no	28	110	0	60	resolved_name
TAX-29706	Sporobolus alterniflorus	29706	yes	2	MONOMER-14238; MONOMER-14239	no	0		0		1	PWY-6055	yes	no	yes	no	0	2	0	1	resolved_name
TAX-13274	Stellaria media	13274	yes	2	MONOMER-15687; MONOMER-15688	no	0		0		2	PWY-6524; PWY-6525	yes	no	yes	no	0	3	0	2	resolved_name
TAX-195802	Sterculia foetida	195802	yes	1	MONOMER-11215	no	0		1	G-8733	1	PWY-4942	yes	yes	yes	no	1	1	0	1	resolved_name
TAX-55670	Stevia rebaudiana	55670	yes	5	CPLX-8498; MONOMER-17482; MONOMER-17483; MONOMER-17484; MONOMER-17485	no	0		3	G-15231; G-15232; G-15233	2	PWY-7070; PWY-7071	yes	yes	yes	no	3	4	0	2	resolved_name
TAX-222567	Strobilanthes cusia	222567	yes	1	MONOMER-14292	no	0		0		1	PWY-6068	yes	no	yes	no	0	1	0	1	resolved_name
TAX-13708	Tagetes erecta	13708	yes	1	MONOMER-17810	no	0		0		1	PWY-7157	yes	no	yes	no	0	1	0	1	resolved_name
TAX-55843	Tagetes patula	55843	yes	1	MONOMER-17809	no	0		0		1	PWY-7157	yes	no	yes	no	0	1	0	1	resolved_name
TAX-118510	Tanacetum cinerariifolium	118510	yes	1	MONOMER-16874	no	0		1	G-14698	1	PWY-6926	yes	yes	yes	no	1	1	0	1	resolved_name
TAX-127999	Tanacetum parthenium	127999	yes	3	MONOMER-18664; MONOMER-18667; MONOMER-18668	no	0		3	G-27139; G-27142; G-27143	4	PWY-5733; PWY-6540; PWY-6669; PWY-7497	yes	yes	yes	no	5	5	0	4	resolved_name
TAX-128002	Tanacetum vulgare	128002	yes	3	MONOMER-17129; MONOMER-17130; MONOMER-17131	no	0		0		1	PWY-6991	yes	no	yes	no	0	3	0	1	resolved_name
TAX-46220	Taxus brevifolia	46220	yes	1	MONOMER-13385	no	0		1	G-10183	1	PWY-7392	yes	yes	yes	no	1	1	0	1	resolved_name
TAX-29808	Taxus chinensis	29808	yes	3	CPLX-8496; MONOMER-14814; MONOMER-17467	no	0		2	G-11314; G-15225	3	PWY-5660; PWY-7064; PWY-7392	yes	yes	yes	no	1	1	0	1	resolved_name
TAX-99806	Taxus cuspidata	99806	yes	12	MONOMER-13393; MONOMER-13398; MONOMER-13400; MONOMER-13401; MONOMER-13409 (... 12 total)	no	0		9	G-10188; G-10193; G-10195; G-10196; G-10202 (... 9 total)	3	PWY-5660; PWY-7064; PWY-7065	yes	yes	yes	no	9	13	0	8	resolved_name
TAX-29775	Tellima grandiflora	29775	yes	3	CPLX-7312; MONOMER-13001; MONOMER-13002	no	0		0		1	PWY-5476	yes	no	yes	no	0	4	0	2	resolved_name
ORG-6123	Tephrosia vogelii	47097	yes	1	MONOMER-15394	no	0		0		1	PWY-6425	yes	no	yes	no	0	1	0	1	resolved_name
ORG-5986	Thalictrum bulgaricum	46968	yes	2	MONOMER-12349; MONOMER-12350	no	0		0		1	PWY-5287	yes	no	yes	no	0	2	0	1	resolved_name
TAX-150094	Thalictrum flavum	150094	yes	2	CPLX-5002; MONOMER-8422	no	0		1	G-6401	1	PWY-3581	yes	yes	yes	no	8	8	0	8	resolved_name
TAX-150095	Thalictrum flavum	150095	yes	1	MONOMER-15118	no	0		1	G-11554	8	PWY-3901; PWY-5287; PWY-5470; PWY-6337; PWY-7138 (... 8 total)	yes	yes	yes	no	8	8	0	8	resolved_name
TAX-32198	Thunbergia alata	32198	yes	1	MONOMER-12584	no	0		1	G-9659	1	PWY-5362	yes	yes	yes	no	1	1	0	1	resolved_name
TAX-4013	Toxicodendron vernicifluum	4013	yes	3	MONOMER-13724; MONOMER-13742; MONOMER-13743	no	0		1	G-10479	1	PWY-5787	yes	yes	yes	no	1	3	0	1	resolved_name
TAX-3677	Trichosanthes kirilowii	3677	yes	1	MONOMER-12608	no	0		1	G-9677	1	PWY-5374	yes	yes	yes	no	1	1	0	1	resolved_name
TAX-60916	Trifolium incarnatum	60916	yes	2	MONOMER-16308; MONOMER-16309	no	0		0		1	PWY-6739	yes	no	yes	no	0	2	0	1	resolved_name
TAX-57577	Trifolium pratense	57577	yes	4	MONOMER-15050; MONOMER-15052; MONOMER-15053; MONOMER-4604	no	0		4	G-11490; G-11492; G-11493; G-3621	7	PWY-2002; PWY-361; PWY-5061; PWY-5868; PWY-6039 (... 7 total)	yes	yes	yes	no	13	13	0	7	resolved_name
TAX-55501	Triglochin maritima	55501	yes	4	MONOMER-17558; MONOMER-17563; MONOMER-17607; MONOMER-17608	no	0		2	G-15326; G-15327	4	PWY-7088; PWY-7089; PWY-7095; PWY-861	yes	yes	yes	no	4	7	0	4	resolved_name
TAX-4565	Triticum aestivum	4565	yes	36	CPLX-1984; CPLX-1985; CPLX-5641; CPLX-7190; MONOMER-10601 (... 36 total)	no	0		16	G-10666; G-12214; G-12590; G-12679; G-14599 (... 16 total)	51	CALVIN-PWY; GLUCONEO-PWY; GLYCOLYSIS; GLYOXYLATE-BYPASS; LIPASYN-PWY (... 51 total)	yes	yes	yes	no	34	94	0	59	resolved_name
TAX-37563	Urochloa panicoides	37563	yes	1	MONOMER-17679	no	0		0		3	GLUCONEO-PWY; PWY-7115; PWYQT-4481	yes	no	yes	no	0	3	0	3	resolved_name
TAX-69266	Vaccinium corymbosum	69266	yes	1	MONOMER4FS-10	no	0		0		1	PWY-5859	yes	no	yes	no	0	1	0	1	resolved_name
TAX-180763	Vaccinium myrtillus	180763	yes	1	MONOMER-12083	no	0		1	G-9353	1	PWY-5153	yes	yes	yes	no	1	1	0	1	resolved_name
TAX-51239	Vanilla planifolia	51239	yes	3	MONOMER-13423; MONOMER-13425; MONOMER-13426	no	0		3	G-10216; G-10217; G-10218	2	PWY-5665; PWY-6431	yes	yes	yes	no	4	4	0	2	resolved_name
TAX-73154	Vernicia fordii	73154	yes	1	MONOMER-12619	no	0		1	G-9687	1	PWY-5375	yes	yes	yes	no	1	1	0	1	resolved_name
TAX-237940	Viburnum furcatum	237940	yes	1	MONOMER-17662	no	0		1	G-15373	1	PWY-7113	yes	yes	yes	no	1	1	0	1	resolved_name
TAX-3906	Vicia faba	3906	yes	5	CPLX-5421; MONOMER-10881; MONOMER-12495; MONOMER-8942; MONOMER-8962	no	0		0		10	GALACTMETAB-PWY; PWY-3821; PWY-4702; PWY-4781; PWY-5337 (... 10 total)	yes	no	yes	no	0	14	0	10	resolved_name
TAX-3909	Vicia sativa	3909	yes	1	MONOMER-17579	no	0		1	G-15299	1	PWY-7093	yes	yes	yes	no	1	1	0	1	resolved_name
TAX-3918	Vigna aconitifolia	3918	yes	3	CPLX-4761; MONOMER-7801; MONOMER-7802	no	0		2	G-5881; G-5882	4	ARGININE-SYN4-PWY; CITRULBIO-PWY; PWY-6922; PWY4LZ-81	yes	yes	yes	no	1	6	0	6	resolved_name
TAX-3914	Vigna angularis	3914	yes	2	MONOMER-12304; MONOMER-12482	no	0		2	G-9497; G-9586	4	PWY-5272; PWY-5337; PWY-5338; PWY-5968	yes	yes	yes	no	4	4	0	4	resolved_name
TAX-3916	Vigna radiata	3916	yes	13	CPLX-7289; CPLX-7307; MONOMER-10941; MONOMER-11206; MONOMER-12277 (... 13 total)	no	0		0		20	CALVIN-PWY; GLUCONEO-PWY; GLYCOLYSIS; PWY-1042; PWY-3781 (... 20 total)	yes	no	yes	no	0	21	0	13	resolved_name
TAX-103355	Vitis labrusca	103355	yes	1	MONOMER-18012	no	0		1	G-16002	3	PWY-5313; PWY-7262; PWY-7450	yes	yes	yes	no	3	3	0	3	resolved_name
TAX-29760	Vitis vinifera	29760	yes	14	CPLX-6931; MONOMER-12084; MONOMER-14950; MONOMER-14952; MONOMER-16020 (... 14 total)	no	0		10	G-11400; G-11402; G-12328; G-12487; G-15151 (... 10 total)	20	PWY-4341; PWY-5125; PWY-5153; PWY-5313; PWY-6257 (... 20 total)	yes	yes	yes	no	17	26	0	23	resolved_name
TAX-95970	Wachendorfia thyrsiflora	95970	yes	1	MONOMER-15420	no	0		1	G-11809	2	PWY-6432; PWY-6438	yes	yes	yes	no	2	2	0	2	resolved_name
TAX-126910	Withania somnifera	126910	yes	1	MONOMER-16204	no	0		1	G-12498	1	PWY18C3-4	yes	yes	yes	no	6	6	0	6	resolved_name
TAX-101473	Wollastonia biflora	101473	yes	3	CPLX-7667; MONOMER-14235; MONOMER-14236	no	0		1	G-10870	3	PWY-5441; PWY-6054; PWY-6055	yes	no	yes	no	0	5	0	3	resolved_name
TAX-15945	Zea luxurians	15945	yes	1	MONOMER-14918	no	0		1	G-11370	2	PWY-5425; PWY-6275	yes	yes	yes	no	3	3	0	3	resolved_name
TAX-112001	Zea mays	112001	yes	1	MONOMER-14914	no	0		1	G-11366	2	PWY-5425; PWY-6275	yes	yes	yes	no	234	336	0	155	resolved_name
TAX-381124	Zea mays	381124	yes	122	CKX1-MONOMER; CPLX-1968; CPLX-1971; CPLX-5522; CPLX-5683 (... 122 total)	no	0		80	CKX1; G-10478; G-10667; G-10708; G-11275 (... 80 total)	106	ALACAT2-PWY; ALANINE-DEG3-PWY; ALANINE-SYN2-PWY; ASPARTATESYN-PWY; ASPSYNII-PWY (... 106 total)	yes	yes	yes	no	234	336	0	155	resolved_name
TAX-4577	Zea mays	4577	yes	16	CISZOG1-MONOMER; CISZOG2-MONOMER; CPLX-847; GBWI-61910-MONOMER; MONOMER-12826 (... 16 total)	yes	2	CPD-22324; CPD-22325	11	CISZOG1; CISZOG2; G-11369; G-14794; G-17969 (... 11 total)	18	PWY-1741; PWY-1782; PWY-241; PWY-2902; PWY-5425 (... 18 total)	yes	yes	yes	yes	234	336	4	156	both
TAX-94328	Zingiber officinale	94328	yes	2	MONOMER-13556; MONOMER-16745	no	0		2	G-10327; G-14593	2	PWY-5733; PWY-6835	yes	yes	yes	no	2	2	0	2	resolved_name
TAX-311405	Zingiber zerumbet	311405	yes	3	MONOMER-14875; MONOMER-14903; MONOMER-15976	no	0		3	G-11335; G-11360; G-12286	4	PWY-5425; PWY-6265; PWY-6271; PWY-6275	yes	yes	yes	no	6	6	0	5	resolved_name
TAX-89630	Anchusa officinalis	89630	yes	4	CPLX-6979; CPLX-6980; MONOMER-11761; MONOMER-11762	no	0		0		3	PWY-3581; PWY-5048; PWY-5886	no	no	no	no	0	0	0	0	absent
TAX-59689	Arabidopsis lyrata	59689	yes	2	CPLX-6222; MONOMER-10582	no	0		1	G-7924	2	PWY-4203; PWY18C3-22	no	no	no	no	0	0	0	0	absent
TAX-3818	Arachis hypogaea	3818	yes	2	CPLX-236; MONOMER-235	no	0		1	G-528	1	PWY-84	no	no	no	no	0	0	0	0	absent
TAX-4686	Asparagus officinalis	4686	yes	5	CPLX-8966; CPLX-8967; CPLX-8968; MONOMER-19154; MONOMER-19155	no	0		2	G-43878; G-43879	1	PWY-7632	no	no	no	no	0	0	0	0	absent
ORG-5877	Berberis Wilsoniae	22774	yes	4	CPLX-5661; MONOMER-12942; MONOMER-9444; MONOMER-9455	no	0		0		4	PWY-3901; PWY-5470; PWY-7138; PWY-7507	no	no	no	no	0	0	0	0	absent
TAX-260674	Citrullus lanatus	260674	yes	2	CPLX-6681; MONOMER-11327	no	0		0		1	PWY-4961	no	no	no	no	0	0	0	0	absent
ORG-5892	Corydalis cava	3463	yes	1	MONOMER-18733	no	0		0		1	PWY-7522	no	no	no	no	0	0	0	0	absent
TAX-3721	Crambe hispanica	3721	yes	2	CPLX-7120; MONOMER-12262	no	0		0		1	PWY-5267	no	no	no	no	0	0	0	0	absent
ORG-5897	Cucurbita pepo medullosa	3663	yes	1	MONOMER-5141	no	0		0		0		no	no	no	no	0	0	0	0	absent
TAX-101015	Fragaria virginiana	101015	yes	5	PQ433322; PQ433323; PQ433324; PQ433325; PQ433326	no	0		0		0		no	no	no	no	0	0	0	0	absent
ORG-6001	Lactuca sativa romaine	4236	yes	4	MONOMER-12151; MONOMER-13560; MONOMER-13576; MONOMER-2561	no	0		4	G-10331; G-10347; G-9399; VDE1	6	PWY-5175; PWY-5733; PWY-5945; PWY-5946; PWY-6540 (... 6 total)	no	no	no	no	0	0	0	0	absent
TAX-4472	Lemna minor	4472	yes	2	CPLX-7175; MONOMER-12494	no	0		1	G-9594	1	SULFMETII-PWY	no	no	no	no	0	0	0	0	absent
TAX-227291	Limonium latifolium	227291	yes	2	CPLX-5701; MONOMER-9602	no	0		1	G-7281	1	PWY-4021	no	no	no	no	0	0	0	0	absent
TAX-3435	Persea americana	3435	yes	2	CPLX-7072; MONOMER-12077	no	0		0		1	PWY-5147	no	no	no	no	0	0	0	0	absent
TAX-3240	Psilotum nudum	3240	yes	4	CPLX-6970; CPLX-6971; MONOMER-11737; MONOMER-11738	no	0		2	G-9122; G-9123	1	PWY-5045	no	no	no	no	0	0	0	0	absent
TAX-3767	Pyrus pyrifolia	3767	yes	2	CPLX-6953; MONOMER-11718	no	0		0		1	PWY-4101	no	no	no	no	0	0	0	0	absent
TAX-101007	TAX-101007		yes	5	PQ433313; PQ433314; PQ433315; PQ433316; PQ433317	no	0		0		0		no	no	no	no	0	0	0	0	absent
TAX-3316	Thuja plicata	3316	yes	2	CPLX-7301; MONOMER-12935	no	0		1	G-9898	1	PWY-5466	no	no	no	no	0	0	0	0	absent
